code,name,description
AI_V 100,Introduction to Artificial Intelligence,"Core methodological paradigms in AI. Strengths and limitations of modern AI systems. Social impacts of AI technologies: economic, cultural, scientific, environmental, political. Philosophical implications and plausible future trajectories for AI. [3-0-1]"
AI_V 240,Introduction to Machine Learning,"Core methodological paradigms in machine learning. Models for supervised prediction and unsupervised analysis. Deep learning techniques using differentiable programming. [3-2-0] Prerequisite: Both (a) one of CPSC_V 107, CPSC_V 110 and (b) one of MATH_V 111, MATH_V 131, MATH_V 152, MATH_V 221, MATH_V 223, MATH_O 221, MATH_O 222."
AI_V 322,Foundations of Artificial Intelligence,"Introduction to representation and reasoning via topics such as Search, problem-solving and planning, logic, probabilistic graphical models, preference models, Markov decision processes and reinforcement learning, as well as multi-agent decision making [3-0-0] Prerequisites: Either CPSC_V 340 or all of (a) one of AI_V 240, CPSC_V 330 and (b) one of CPSC_V 221, DSCI_V 221 and (c) one of STAT_V 251, ECON_V 325, ECON_V 327, MATH_V 302, STAT_V 302, MATH_V 318. Equivalency: CPSC_V 322."
AI_V 360,Deep Learning,"Advanced machine learning focused on deep learning in practice: mathematical foundations, models for unstructured, sequential, spatial, and graph data, methods for prediction, generative modeling, and reinforcement learning, and hands-on experience designing, optimizing, tuning, and applying deep models. [3-0-1] Prerequisites: Either CPSC_V 340 or all of (a) one of AI_V 240, CPEN_V 355 and (b) MATH_V 200 and (c) one of STAT_V 251, ECON_V 325, ECON_V 327, MATH_V 302, STAT_V 302, MATH_V 318."
AI_V 422,Intelligent Systems,"Principles and techniques underlying the design, implementation and evaluation of intelligent computational systems. Applications of artificial intelligence to natural language understanding, image understanding and computer-based expert and advisor systems. Advanced symbolic programming methodology. [3-0-0] Prerequisite: One of AI_V 322, CPSC_V 322. Equivalency: CPSC_V 422."
ASIC_V 200,Global Issues in the Arts and Sciences,Selected global issues explored through the methodologies and perspectives of both the physical and life sciences and the humanities and social sciences. [3-0-0] Prerequisite: Second year standing in the Faculty of Arts or Faculty of Science.
ASIC_V 220,Introduction to Sustainability,"Sustainability examined from scientific, economic, and societal perspectives. [3-0-0] Prerequisite: Second-year standing."
ASTR_V 101,Introduction to the Solar System,"General principles of the celestial sphere, laws of motion and light, optics, and telescopes; current knowledge of the Sun and Solar System. [3-2*-0] Prerequisite: One of PHYS 11, PHYS 12, PHYS_V 100, PHYS_O 112 and Principles of Mathematics 12."
ASTR_V 102,Introduction to Stars and Galaxies,"Modern stellar and extragalactic astronomy. Stars and stellar evolution from protostars to black holes; galaxies and quasars; cosmology. ASTR_V 200/205 rather than ASTR_V 102 are recommended for students who intend to pursue studies in Astronomy. [3-2*-0] Prerequisite: One of PHYS 11, PHYS 12, PHYS_V 100, PHYS_O 112 and Principles of Mathematics 12."
ASTR_V 200,Frontiers of Astrophysics,"Stellar masses and evolution. White dwarfs, neutron stars, and black holes. Extrasolar planet formation and detection. Dark matter in the Milky Way and other galaxies. Cosmological observations and principles. [3-0-0] Prerequisite: Either (a) one of PHYS_V 101, PHYS_V 106, PHYS_V 107, PHYS_V 117, PHYS_V 131, PHYS_V 153, PHYS_V 157, PHYS_O 111 and one of MATH_V 101, MATH_V 103, MATH_V 105, MATH_V 121, MATH_O 101, MATH_O 103; or (b) SCIE_V 001."
ASTR_V 205,Stars and Stellar Populations,"Measurement of positions, motions, and distances in astronomy. Temperature, masses, and spectra of stars. Hertzsprung-Russell diagram. Quantitative stellar structure and evolution. Chemical composition of stars in different Galactic populations. Globular and open star clusters. [3-0-0] Prerequisite: ASTR 200 and one of PHYS 210, EOSC 211, CPSC 302, CPSC 303."
ASTR_V 300,Galaxies,"Structure and kinematics of our galaxy. Spiral arms and dynamics of stars in spiral and elliptical galaxies. Galactic formation, evolution, dynamics, and groups. Active galaxies and quasars. [3-0-0]. Prerequisite: ASTR_V 205 and one of PHYS_V 210, EOSC_V 211, CPSC_V 302, CPSC_V 303. Corequisite: One of MATH_V 217, MATH_V 227, MATH_V 317.This course is not eligible for Credit/D/Fail grading."
ASTR_V 310,Exploring the Universe: The Solar System,"A survey of recent discoveries about the planets and other objects in the solar system, without the use of advanced mathematics. The Sun, the existence of planetary systems around other stars, and the search for life. Not open to first year students and not for credit for students in Physics & Astronomy specializations. [3-0-1*]"
ASTR_V 311,Exploring the Universe: Stars and Galaxies,"A survey of recent discoveries in modern astronomy without the use of advanced mathematics. Stars, pulsars, black holes, galaxies, quasars and the origin and evolution of the Universe. Not open to first year students and not for credit for students in Physics & Astronomy specializations. [3-0-1*]"
ASTR_V 333,Exoplanets and Astrobiology,"Observations and basic characteristics of extrasolar planets, including their formation, evolution, and potential for supporting life. [3-0-0] Prerequisite: One of PHYS 101, PHYS 102, PHYS 106, PHYS 107, PHYS 108, PHYS 117, PHYS 118, PHYS 131, PHYS 153, PHYS 157, PHYS 158, SCIE 001 and one of MATH 200, MATH 217, MATH 253, STAT 200, STAT 203, STAT 241, BIOL 300, COMM 291, ECON 325, EPSE 482, EPSE 483, FRST 231, GEOG 374, KIN 371, POLI 380, PSYC 217, PSYC 218, PSYC 277, PSYC 278, PSYC 366, SOCI 328."
ASTR_V 349,Directed Research Project in Astronomy,"A research project, undertaken under the direction of a faculty member, culminating in a written report. Requires approval of the course instructor and program advisor in the Department of Physics and Astronomy. [1*-6-0]"
ASTR_V 403,Cosmology,"Introduction to the study of the Universe as a whole. Foundations of the Hot Big Bang model, the early Universe, nucleosynthesis, the cosmic microwave background, large-scale structure, galaxy formation and quasars. Credit will be granted for only one of ASTR 403 or PHYS 571. [3-0-0] Prerequisite: One of PHYS 200, PHYS 250. ASTR 300 is recommended."
ASTR_V 404,Astronomical and Astrophysical Measurements,"Astronomical instrumentation and techniques for ground and space-based observations. Theory of measurement, imaging, interferometry and spectroscopy of electromagnetic radiation at optical, radio, infrared, and X-ray wavelengths. Astronomical data analysis. [3-0-0] Prerequisite: All of PHYS 210, PHYS 408 and one of PHYS 312, MATH 316."
ASTR_V 405,Astronomical Laboratory,"Experiments in the use of astronomical instrumentation and data analysis. Use of the 40-cm reflector, spectrograph and electronic detectors. Photometric and spectroscopic analysis of digital data. [0-0-3] Prerequisite: [ASTR404]"
ASTR_V 406,High-Energy Astrophysics,"Radiative processes. White dwarfs, neutron stars, and black holes. Accreting systems. Gamma-ray bursts. [3-0-0] Prerequisite: All of PHYS 203, PHYS 301, MATH 215 and ASTR 300."
ASTR_V 407,Planetary Science,"Structure of planetary systems, planetary interiors, planet formation, planetary atmospheres, meteoritics, impact cratering. [3-0-0] Prerequisite: One of PHYS 210, EOSC 211 and one of MATH 217, MATH 227, MATH 317 and one of MATH 316, PHYS 312 and one of ASTR 200, EOSC 212. Corequisite: One of PHYS 206, PHYS 216, PHYS 306, EOSC 352."
ASTR_V 449,Honours Thesis in Astronomy,"A research project in astronomy, undertaken under the direction of a faculty member, culminating in a thesis. [1*-6-0]"
ASTR_V 500,Principles of Modern Astronomy,"An introduction to the physical processes occurring in the stars, the interstellar medium, and in our own and other galaxies (fourth-year Honours students in the Physics and Astronomy Department may elect this course with special permission of the Department Head).This course is not eligible for Credit/D/Fail grading."
ASTR_V 502,Astronomical Dynamics,This course is not eligible for Credit/D/Fail grading.
ASTR_V 505,Galactic Astronomy,"The study of the structure, content and evolution of our own and other galaxies, including the study of the physical processes occurring in the interstellar medium and galactic nuclei.This course is not eligible for Credit/D/Fail grading."
ASTR_V 506,High-Energy Astrophysics,This course is not eligible for Credit/D/Fail grading.
ASTR_V 507,Planetary Sciences,This course is not eligible for Credit/D/Fail grading.
ASTR_V 508,Stellar Astronomy,This course is not eligible for Credit/D/Fail grading.
ASTR_V 509,Astronomical Statistics,This course is not eligible for Credit/D/Fail grading.
ASTR_V 514,Observational Astronomy,This course is not eligible for Credit/D/Fail grading.
ASTR_V 520,Astronomy/Astrophysics Research Seminar,This course is not eligible for Credit/D/Fail grading.
ASTR_V 530,Directed Studies in Astronomy,This course is not eligible for Credit/D/Fail grading.
ASTR_V 536,Studies of the Interstellar Medium,This course is not eligible for Credit/D/Fail grading.
ASTR_V 549,M.Sc. Thesis,This course is not eligible for Credit/D/Fail grading.
ASTR_V 649,Doctoral Dissertation,This course is not eligible for Credit/D/Fail grading.
ATSC_V 113,"Weather Science for Sailing, Flying, and Snow Sports","Atmospheric-science principles elucidated by case studies applied to sailing, soaring, flying and snow sports. [3-0-0]"
ATSC_V 201,Meteorology of Storms,"Characteristics and physical processes of thunderstorms, tornadoes, lightning, hail, hurricanes, blizzards, cyclones and other storms. Recommended pre-requisite: completion of first-year science. [3-0-0]"
ATSC_V 212,Earth and Atmospheric Science Introductory Computing Laboratory,"Computing tools, including Unix/Linux, Web page creation, programming languages used for numerical calculation, database programs. Recommended pre-requisites: one of CPSC 103, CPSC 110. [0-2]"
ATSC_V 301,Atmospheric Radiation and Remote Sensing,"Energy transfer at infrared, visible, and microwave wavelengths. Analysis of satellite measurements of the atmosphere and surface. [3-0-0] Prerequisite: One of PHYS 102, PHYS 108, PHYS 118, PHYS 158. and familiarity with a programming language."
ATSC_V 303,Methods in Atmospheric Science,"An introduction to instrumentation used in monitoring the state of the atmosphere; a brief survey of methods of analysis of meteorological data. [2-2-0] Prerequisite: One of EOSC 211, CPSC 103, CPSC 110 and one of ATSC 201, GEOB 200, GEOS 200."
ATSC_V 313,Renewable Energy Meteorology,"The meteorology of hydro, wind, and solar power. Atmospheric processes affecting renewable energy on global, regional & local weather scales. [3-0-0] Prerequisite: One of MATH 101, MATH 103, MATH 105, MATH 121 and one of PHYS 101, PHYS 106, PHYS 107, PHYS 117, PHYS 131, PHYS 157 and one of APSC 160, CPSC 103, CPSC 110, DSCI 100, EOSC 211."
ATSC_V 398,Co-operative Work Placement I,"Approved and supervised technical work experience in an industrial, university or government setting for a minimum of 14 weeks. Normally taken in the Winter Session (Term 2) in third year. Technical report required. Restricted to students admitted to Co-operative Education Program in Atmospheric Science. Prerequisite: ATSC_V 201 and one of GEOB_V 300, GEOS_V 300.This course is not eligible for Credit/D/Fail grading."
ATSC_V 399,Co-operative Work Placement II,"Approved and supervised technical work experience in an industrial, university or government setting for a minimum of 14 weeks. Normally taken in the Summer Session (Terms 1 and 2) following third year. Technical report required. Restricted to students admitted to the Co-operative Education Program in Atmospheric Science. Prerequisite: ATSC_V 398.This course is not eligible for Credit/D/Fail grading."
ATSC_V 404,Dynamic Meteorology,"Dynamic principles governing atmospheric motions on a rotating planet. Simplified mathematical models of atmospheric flow based on scale analysis. Application to synoptic-scale and general circulation of the troposphere. [3-0-0] Prerequisite: One of EOSC 352, MATH 316, PHYS 312 and one of EOSC 250, MATH 217, MATH 317."
ATSC_V 405,Cloud Physics and Chemistry,"Cloud thermodynamics, chemistry and microphysics. Computer modelling of droplet growth, convection, and mixing. Application of differential equations to atmospheric problems. [3-0-0] Prerequisite: MATH 215. Familiarity with a programming language is required. Corequisite: One of PHYS 203, CHEM 304."
ATSC_V 409,"Numerical Techniques for Ocean, Atmosphere and Earth Scientists","Web-based introduction to the practical numerical solution of ordinary and partial differential equations including considerations of stability and accuracy. Credit will be granted for only one of ATSC 409 or ATSC 506/EOSC 511. [0-0-3] Prerequisite: One of MATH 215, MATH 255, MATH 256, MATH 265. Familiarity with a programming language is required."
ATSC_V 413,Forest-fire Weather and Climate,"Synoptic and mesoscale meteorology and weather forecasting applied to wildfires. Effect of weather on fire behaviour, danger, smoke, climate and sustainability at the urban-forest interface. [2-2-0] Prerequisite: One of ATSC 201, GEOS 200."
ATSC_V 448,Directed Studies,Investigation of a topic to be agreed upon by a member of the faculty and the student. Permission of the undergraduate advisor and of the supervising faculty member is required before registration.
ATSC_V 449,Honours Project,Honours students must submit a graduating report based on a project undertaken with the approval of the Associate Chair of the Atmospheric Science Program.
ATSC_V 490,Student Directed Seminars in Atmospheric Science,"Self-directed, collaborative studies in atmospheric science, in a group-learning environment, initiated and coordinated by senior undergraduate students with the supervision of a faculty advisor. Course structure, enrolment, and delivery methods will comply with the Handbook for Student Directed Seminars. Prerequisite: Third-year standing.This course is not eligible for Credit/D/Fail grading."
ATSC_V 498,Co-operative Work Placement III,"Approved and supervised technical work experience in an industrial, university or government setting for a minimum of 14 weeks. Normally taken in the Summer Session (Terms 1 and 2) after fourth year. Technical report required. Restricted to students admitted to the Co-operative Education Program in Atmospheric Science. Prerequisite: ATSC_V 399 and one of ATSC_V 303, GEOB_V 304, GEOS_V 304.This course is not eligible for Credit/D/Fail grading."
ATSC_V 499,Co-operative Work Placement IV,"Approved and supervised technical work experience in an industrial, university or government setting for a minimum of 14 weeks. Normally taken in Winter Session (Term 1) of the fifth year. Technical report required. Restricted to students admitted to the Co-operative Education Program in Atmospheric Science. Prerequisite: ATSC_V 498.This course is not eligible for Credit/D/Fail grading."
ATSC_V 500,Boundary-Layer Meteorology,Theoretical and empirical analysis of the atmospheric boundary layer with particular emphasis on energy and mass exchanges near the Earth's surface.This course is not eligible for Credit/D/Fail grading.
ATSC_V 506,"Numerical Techniques for Ocean, Atmosphere and Earth Scientists",Credit will be granted for only one of ATSC_V 409 or ATSC_V 506/EOSC_V 511. Equivalency: EOSC_V 511.This course is not eligible for Credit/D/Fail grading.
ATSC_V 507,Numerical Weather Prediction,"Prerequisite: All of a fluid-dynamics course, a numerical-methods course, as well as computer-programming skills.This course is not eligible for Credit/D/Fail grading."
ATSC_V 548,Master's Graduation Essay,This course is not eligible for Credit/D/Fail grading.
ATSC_V 595,Directed Studies,This course is not eligible for Credit/D/Fail grading.
ATSC_V 597,Co-operative Work Placement I,Restricted to students admitted to the M.Sc. Co-operative Education Option in Atmospheric Science.This course is not eligible for Credit/D/Fail grading.
ATSC_V 598,Co-operative Work Placement II,Restricted to students admitted to the M.Sc. Co-operative Education Option in Atmospheric Science. Prerequisite: ATSC_V 597.This course is not eligible for Credit/D/Fail grading.
ATSC_V 599,Master's Thesis,This course is not eligible for Credit/D/Fail grading.
ATSC_V 699,Doctoral Dissertation,This course is not eligible for Credit/D/Fail grading.
BIOF_V 501,Special Topics in Bioinformatics,This course is not eligible for Credit/D/Fail grading.
BIOF_V 520,Problem-Based Learning In Bioinformatics,Develops the student's ability to exchange ideas in small groups focused on real but simplified problems in bioinformatics. Problems are carefully selected to cover all aspects of Bioinformatics research. Required of students in the Bioinformatics graduate program. Students not registered in the Bioinformatics graduate program must get permission to register in this course.This course is not eligible for Credit/D/Fail grading.
BIOF_V 540,Statistical Methods for High Dimensional Biology,"Equivalency: STAT_V 540, GSAT_V 540.This course is not eligible for Credit/D/Fail grading."
BIOF_V 548,Directed Studies,Advanced study under the direction of a faculty member composed of laboratory sessions and directed readings related to selected areas of bioinformatics. Students must get permission to register in this course.This course is not eligible for Credit/D/Fail grading.
BIOF_V 599,M.Sc. Thesis,This course is not eligible for Credit/D/Fail grading.
BIOF_V 699,Doctoral Dissertation,This course is not eligible for Credit/D/Fail grading.
BIOL_V 111,Introduction to Modern Biology,"Concepts fundamental to biological issues, such as the genetic basis of biological variation, evolution, infectious diseases, causes of cancer, population growth, and human effects on ecosystems. Not open to students who have credit for Biology 12 (including AP, IB). [3-0-0]"
BIOL_V 112,Biology of the Cell,"The principles of cellular and molecular biology using bacterial and eukaryotic examples. [3-0-0] Prerequisite: One of CHEM 12, CHEM 100, CHEM 110, CHEM 111 and one of BIOL 11, BIOL 12, BIOL 111."
BIOL_V 121,"Genetics, Evolution and Ecology","Principles of storage and transmission of genetic variation; origin and evolution of species and their ecological interactions. Credit will be granted for only one of BIOL 121 or BIOL 344. [3-0-0] Prerequisite: One of BIOL 11, BIOL 12, BIOL 111."
BIOL_V 140,Laboratory Investigations in Life Science,"Guided experimental investigations of biological questions. [1-2-0] Prerequisite: One of BIOL 11, BIOL 12, BIOL 111."
BIOL_V 153,Human Biology: Anatomy and Physiology,"The principles of biology with particular reference to the human body (anatomy and physiology). Laboratories include selected experiments on organ physiology and general anatomy. Please consult the Faculty of Science Credit Exclusion Lists:https://vancouver.calendar.ubc.ca/faculties-colleges-and-schools/facult…. [3-3-0; 3-3-0]. Prerequisite: One of CHEM 12, CHEM_V 100, CHEM_V 110, CHEM_V 111 and one of BIOL 11, BIOL_V 12, BIOL_V 111.This course is not eligible for Credit/D/Fail grading."
BIOL_V 155,Human Biology: Physiology and Introductory Anatomy,"The principles of biology with particular reference to the human body (anatomy and physiology). (physiology and introductory anatomy). Please consult the Faculty of Science Credit Exclusion Lists:https://vancouver.calendar.ubc.ca/faculties-colleges-and-schools/facult…[3-0-0; 3-0-0] Prerequisite: One of CHEM 12, CHEM 100, CHEM 110, CHEM 111 and one of BIOL 11, BIOL 12, BIOL 111."
BIOL_V 180,Thinking Like a Life Scientist,"Science as a process, the skills of scientists, and the exploration of a current biological challenge with a practicing UBC scientist. [2-0-1] Prerequisite: One of BIOL 11, BIOL 12, BIOL 111."
BIOL_V 200,Fundamentals of Cell Biology,"Structure and function of plant and animal cells; membrane models, cytoplasmic organelles, biological information from gene to protein, the endomembrane system, secretion, intracellular digestion, endocytosis, transport processes, cytoskeleton and cell motility. [3-0-1] Prerequisite: Either (a) BIOL_V 112 and one of CHEM_V 123, CHEM_V 130 or (b) SCIE_V 001 or (c) 8 transfer credits of first-year BIOL_V and 6 credits of first-year CHEM_V or (d) one of BIOL_V 112 or BIOL_V 121 and a corequisite of one of CHEM_V 203, CHEM_V 223, CHEM_O 203."
BIOL_V 201,Introduction to Biochemistry,"Biological molecules, protein structure and enzyme action, energy transfer, central metabolic pathways and their regulation. Examples drawn from plants, animals and microorganisms. (Consult the Credit Exclusion list within the Faculty of Science section of the Calendar.) Credit will be granted for only one of BIOL_V 201, BIOC_V 202, or BIOC_V 203. [3-0-1] Prerequisite: BIOL_V 200 or BIOL_O 200 and one of CHEM_V 233, CHEM_V 260, CHEM_O 213; or BIOL_V 200 or BIOL_O 200 and a corequisite of CHEM_V 213 or CHEM_O 204; or a corequisite of either CHEM_V 313 or CHEM_V 330."
BIOL_V 203,Eukaryotic Microbiology,"Introduction to the origin and diversity of protists (protozoa and algae) at both cellular and genomic levels, including the role of endosymbiosis in evolution. [3-3-0] Prerequisite: One of BIOL 121, SCIE 001. Or 8 transfer credits of first-year biology."
BIOL_V 204,Vertebrate Structure and Function,"Introduction to the vertebrate phyla and their evolution; a comparative study of vertebrate structure and function, with dissection of representative forms. [3-3-0] Prerequisite: One of BIOL 121, SCIE 001. Or 8 transfer credits of first-year biology."
BIOL_V 205,Comparative Invertebrate Zoology,"An introduction to the unity, diversity and evolutionary history of invertebrates. [3-3-0] Prerequisite: One of BIOL 121, SCIE 001. Or 8 transfer credits of first-year biology."
BIOL_V 209,"Biodiversity of Algae, Fungi and Bryophytes","Diversity, ecology, cell biology and evolutionary origins of multicellular eukaryotes, illustrated through mosses and liverworts; fungi and slime molds; and fresh water and marine algae. [3-3-0] Prerequisite: One of BIOL 121, SCIE 001. Or 8 transfer credits of first-year biology."
BIOL_V 210,Vascular Plants,"A comparative study of pteridophytes, gymnosperms and angiosperms, integrating form, function and ecology. [3-3-0] Prerequisite: One of BIOL 121, SCIE 001. or 8 transfer credits of first-year biology. Equivalency: APBI 210"
BIOL_V 230,Fundamentals of Ecology,"Dynamics of plant and animal populations, structure of ecological communities and functioning of ecosystems. Interpretation of research results and application to environmental issues. Labs meet once a month. Please consult the Faculty of Science Credit Exclusion Lists:https://vancouver.calendar.ubc.ca/faculties-colleges-and-schools/facult…. [3-3*-0] Prerequisite: One of BIOL 121, SCIE 001 or 8 transfer credits of first-year BIOL."
BIOL_V 233,Genetics for Life,"How genetic differences determine individual characteristics, and how they are inherited, analyzed, and modified. Emphasis on genetic diversity, human ancestry, personal genomics, and cancer genetics. [3-0-2] Prerequisite: Either (a) all of BIOL 112, BIOL 121 or (b) SCIE 001. ; or (c) a corequisite of one of CHEM 203 or CHEM 223 and one of BIOL 112 or BIOL 121."
BIOL_V 234,Fundamentals of Genetics,"Genotype and phenotype, mechanisms of inheritance, genetic analysis. Please consult the Faculty of Science Credit Exclusion Lists:https://vancouver.calendar.ubc.ca/faculties-colleges-and-schools/facult…. [3-0-2] Prerequisite: Either (a) all of BIOL_V 112, BIOL_V 121 or (b) SCIE_V 001 or (c) a corequisite of one of CHEM_V 203 or CHEM_V 223 or CHEM_O 203 and one of BIOL_V 112 or BIOL_V 121 or (d) 8 transfer credits of first-year BIOL_V."
BIOL_V 260,Fundamentals of Physiology,"Principles of cellular and organismal physiology illustrated with examples from unicellular organisms, plants and animals, focusing on transport processes, water balance, nutrient acquisition and communication. [3-0-0] Prerequisite: Either (a) all of BIOL 112, BIOL 121 or (b) SCIE 001. or (c) 8 transfer credits of 1st year BIOL and 6 credits of 1st year chemistry."
BIOL_V 300,Fundamentals of Biostatistics,"Statistical procedures for biological research; estimation, hypothesis testing, goodness of fit, analysis of variance and regression; use of computers for statistical analysis. Please consult the Faculty of Science Credit Exclusion Lists:https://vancouver.calendar.ubc.ca/faculties-colleges-and-schools/facult…[3-2-0] Prerequisite: One of BIOL_V 121, SCIE_V 001. Corequisite: One of MATH_V 100, MATH_V 110, MATH_V 180, SCIE_V 001."
BIOL_V 301,Biomathematics,"Introduction to uses of mathematics in the biological sciences; experimental design and modelling of biological processes. Please consult the Faculty of Science Credit Exclusion Lists:https://vancouver.calendar.ubc.ca/faculties-colleges-and-schools/facult…. Recommended co-requisites: one of BIOL 300, STAT 200. [3-0-2]"
BIOL_V 302,"Biodiversity, Human & Planetary Health","Effects of biodiversity on human health, from human microbiome to ecosystem. Strategies for protecting, restoring and managing for biodiversity, human and planetary health. [3-0-1] Prerequisite: One of BIOL 111, BIOL 121, GEOS 207, SCIE 001 and third-year class standing."
BIOL_V 303,Green Planet: Biology and History of Plants that Changed Civilizations,"Biological, cultural, and societal significance of staple crops selected as foods, medicines or raw materials by different societies, and their pivotal role in the rise and fall of past and present civilizations. [3-0-1] Prerequisite: 3rd-year class standing or higher."
BIOL_V 306,Advanced Ecology,"Ecology of populations, communities and ecosystems. Tests of ecological theory with experiments and application to environmental issues. Labs meet once a month. Please consult the Faculty of Science Credit Exclusion Lists:https://vancouver.calendar.ubc.ca/faculties-colleges-and-schools/facult…. [3-3*-0] Prerequisite: BIOL 230."
BIOL_V 307,Natural History Collections and Biodiversity Science,"An introduction to biodiversity and specimen-based science, including theory and best practices for creating, curating and preserving natural history collections, working ethically with collections, and the historical, contemporary and future role of these collections to science and society. [2-3-0] Pre-requisites: A minimum of 3rd-year class standing or higher."
BIOL_V 310,Introduction to Animal Behaviour,Animal behavior from an ecological and evolutionary perspective; the methods used to study behaviour and test its adaptive significance. [3-0-2] Prerequisite: BIOL_V 121 or SCIE_V 001; and 3rd-year class standing or higher.
BIOL_V 311,Experimental Methods in Animal Behaviour,"Designing, conducting, and analyzing studies of animal behaviour, with an emphasis on field-based methods. Students conduct capstone research projects. Please consult the Faculty of Science Credit Exclusion Lists:https://vancouver.calendar.ubc.ca/faculties-colleges-and-schools/facult…. [1-4-0] Prerequisite: One of BIOL 300, STAT 200. Corequisite: BIOL 310."
BIOL_V 314,Elements of Biodiversity,"The units of biodiversity, from genes to ecosystems, how they are structured in space, and their importance to human well-being and ecosystem health. [3-0-0] Prerequisite: One of APBI 260, BIOL 230, FRST 201, GEOB 207, GEOS 207. Equivalency: CONS 314"
BIOL_V 317,Weed Science,"Importance, identification, dissemination and biology of weeds; preventative, cultural, biological and chemical methods of control. [3-2-0] Equivalency: APBI328"
BIOL_V 320,Survey of Algae,"A survey of the algae, considering their morphology, life history, classification, and ecology. [3-3-0] Prerequisite: BIOL_V 121 or SCIE_V 001."
BIOL_V 321,Morphology and Evolution of Bryophytes,"A study of evolution, taxonomy and morphology of mosses, liverworts and hornworts with emphasis on living plants in their environment. [2-4-0] Prerequisite: BIOL_V 121 or SCIE_V 001."
BIOL_V 322,Structure and Evolution of Ferns and Fern-allies,"Anatomy, morphology and relationships of the ferns and fern-allies, with assessment of both fossil and extant taxa. [2-4-0] Prerequisite: BIOL_V 121 or SCIE_V 001."
BIOL_V 323,Structure and Reproduction of Fungi,The evolutionary diversity of the fungi as shown by their morphology and reproductive biology. [2-3-0] Prerequisite: BIOL_V 121 or SCIE_V 001.
BIOL_V 324,Introduction to Seed Plant Taxonomy,Introduction to seed plant taxonomy emphasizing descriptive morphology and identification. Each student will be required to submit a plant collection. [2-3-0] Prerequisite: BIOL_V 121 or SCIE_V 001. Equivalency: APBI_V 324
BIOL_V 325,Introduction to Animal Mechanics and Locomotion,"Comparative aspects of the functional design of skeletal systems and the mechanics of swimming, flying and terrestrial locomotion, with particular reference to the vertebrates. [3-0-0] Prerequisite: BIOL_V 121 or SCIE_V 001."
BIOL_V 326,Experimental Biology of Invertebrates,Behaviour and ecology of invertebrates as revealed by hands-on experiments in the laboratory and field. Marine emphasis. [1-4-0] Prerequisite: BIOL 205. Corequisite: Either (a) STAT 200 or (b) BIOL 300.
BIOL_V 327,Introduction to Entomology,"A survey of the structure, classification and biology of insects; ecology, life-histories and insect-plant relations. Prerequisite: BIOL_V 121 or SCIE_V 001. Equivalency: APBI_V 327"
BIOL_V 328,Ecology and Evolution of Parasites,"Morphology, life histories, ecology and evolution of parasites (and infectious agents more broadly) infecting humans and animals. [2-3-0] Prerequisite: BIOL_V 121 or SCIE_V 001"
BIOL_V 329,"Cell Receptor Signaling, Communication and Regulation","How cells react to external signals, and how these responses are regulated. Experimental approaches and common themes will be examined using a variety of cell receptors as models. [3-0-0]. Prerequisite: BIOL_V 200.This course is not eligible for Credit/D/Fail grading."
BIOL_V 330,Developmental Biology (Lecture),"Animal development and its underlying causal principles; introductory embryology. [3-0-0] Prerequisite: Either (a) BIOL 201 or (b) all of BIOL 200, BIOL 260 and one of BIOL 233, BIOL 234."
BIOL_V 331,Developmental Biology,"Animal development and its underlying causal principles; introductory embryology. [3-5-0] Prerequisite: Either (a) BIOL 201 or (b) all of BIOL 200, BIOL 260 and one of BIOL 233, BIOL 234."
BIOL_V 332,Protistology,"Cell biology, ecology, and evolution of protists; origins of multicellularity; the role of protists in micropaleontology, parasitology, and oceanography. [3-3-0] Prerequisite: BIOL 200"
BIOL_V 335,Molecular Genetics,"Isolation and identification of genes, analysis of gene structure; gene expression and its regulation in prokaryotes and in eukaryotes; developmental genetics. [3-0-2] Prerequisite: One of BIOL 233, BIOL 234, MICB 322, FRST 302."
BIOL_V 336,Fundamentals of Evolutionary Biology,"Natural selection; population genetics, quantitative genetics and systematics; classical and molecular approaches to the study of evolution. [3-0-2] Prerequisite: One of BIOL 233, BIOL 234."
BIOL_V 337,Introductory Genetics Laboratory,"A laboratory course demonstrating the fundamental principles of inheritance: Mendel's Laws, sex-linkage, mapping, mutagenesis, chromosome structure, developmental biology, biochemical and population genetics. [1-4-0] Prerequisite: BIOL 200. Corequisite: One of BIOL 233, BIOL 234."
BIOL_V 338,Introduction to Genomics,"An introduction to genome biology and applications of genomics. [3-0-1.5] Prerequisite: One of BIOL 234, BIOL 233, FRST 302."
BIOL_V 340,Introductory Cell Biology Laboratory,"Designing and conducting cell biology experiments using unicellular eukaryotes or prokaryotes with emphasis on techniques in microscopy and cell biology. [1-6-0] Prerequisite: BIOL_V 200 and 3rd-year class standing or higher in Science and one of (a) BIOL_V 180 (or BIOL_V 140), or (b) SCIE_V 001, or (c) 3rd-year class standing in Combined Honours Biophysics."
BIOL_V 341,Introductory Molecular Biology Laboratory,Designing and conducting molecular biology experiments using bioinformatics recombinant DNA techniques. [1-5-0] Prerequisite: BIOL_V 200 and 3rd-year class standing or higher in Science.
BIOL_V 342,Integrative Biology Laboratory,"Field-based and laboratory-based investigation of organisms. [1-3-0] Prerequisite: Third-year standing or higher in Combined Major in Science, and one of (a) BIOL 121 and BIOL 180 (or BIOL 140), or (b) SCIE 001, or (c) 8 transfer credits of first-year biology."
BIOL_V 343,Plants and Peoples,"The interactions of plants and human societies: the role of people in the origin, evolution and dispersal of food, drug and economic plants, and the influences of plants on human societies. Suitable for upper-level Arts students. [2-2-1]"
BIOL_V 344,Human Heredity and Evolution,Relates genetic and evolutionary concepts to humans. Primarily for upper-level students in the Faculty of Arts. Credit will be granted for only one of BIOL 121 or BIOL 344. Not open to students in the Life Sciences. [3-0-2]
BIOL_V 345,Human Ecology,"Basics of ecology are introduced, focussing on observations of the natural world. Assignments, including a group project, consider connections between research, awareness and practical uses of ecology. Not for credit in the Life Sciences. [3-0-2]"
BIOL_V 346,Microbes and Society,An elementary course in molecular biology primarily for Arts students. The historical development of recent discoveries in molecular biology with emphasis on bacteria and viruses and their interaction with humans. (Consult the Credit Exclusion list within the Faculty of Science section of the Calendar.) Not for credit in Life Sciences. [3-0-0]
BIOL_V 347,Principles and Methodology in Biological Research,Contemporary research in the Botany and Zoology Departments; history and methodology of scientific discovery; seminars on current problems. Restricted to Honours students in Biology. Not to be taken concurrently with BIOL 449. [2-3-0]
BIOL_V 348,Biology of Cannabis,"Biological aspects of cannabis, including structure and function, photosynthesis, plant growth, specialized metabolites, neuroscience and the human endocannabinoid system, and applications for human use in medicine, consumer products and textiles. [3-0-0] Prerequisite: 3rd-year class standing or higher."
BIOL_V 350,Darwinian Medicine,"Using the Darwinian theory of natural selection to explore explanations of infectious diseases, allergies, cancer, mental illness, and other human diseases. Please consult the Faculty of Science Credit Exclusion Lists:www.vancouver.calendar.ubc.ca/faculties-colleges-and-schools/faculty-sc…[2-0-2] Prerequisite: Third-year standing. Equivalency: ISCI 350"
BIOL_V 351,Plant Physiology I,"Mechanisms and regulation of functional processes contributing to the assimilation, transport and utilization of water, mineral nutrients and carbon by plants. Restricted to Majors and Honours students in Biology. [3-3-0] Prerequisite: Either (a) BIOL 121 and one of CHEM 123, CHEM 130; or (b) SCIE 001. CHEM 233 is recommended. Equivalency: APBI351, FRST311"
BIOL_V 352,Plant Physiology II: Plant Development,"Introduction to the processes involved in growth and development: cell division, tissue culture, meristems, differentiation, and the action of major growth regulators, and photomorphogenesis. Emphasis on experimental approaches. [2-3-1] Prerequisite: Either (a) BIOL 200 and one of BIOL 233, BIOL 234; or (b) FRST 302. CHEM 233 is recommended."
BIOL_V 361,Neural and Muscular Physiology,"Excitable membranes, neural signaling and transmission; transduction and coding of sensory information; muscle contraction. [3-0-0] Prerequisite: BIOL 200."
BIOL_V 362,Cellular Dynamics,"The cytoskeleton, cell dynamics, and regulation of cellular activities. Preference will be given to Majors or Honours students in Biology and Combined Honours Biophysics. [3-0-0] Prerequisite: BIOL 200 and one of APBI 312, APBI 351, BIOL 260, BIOL 351, BIOL 352, BIOL 361, FRST 311."
BIOL_V 363,Laboratory in Animal Physiology,Experimental studies in animal physiology. [1-3-1] Prerequisite: BIOL_V 204 or BIOL_V 260.
BIOL_V 364,"Comparative Cardiovascular, Respiratory and Osmoregulatory Physiology","Cardiovascular, respiratory, and osmoregulatory physiology. Preference will be given to students who are in Biology, Nutritional Sciences, and Combined Honours Biophysics. [3-0-0] Prerequisite: BIOL 204 and one of BIOL 260, BIOL 361. Equivalency: APBI 311"
BIOL_V 370,Principles of Muscle Physiology and Energetics,"Introduction to the structure and function of the muscular system, metabolism and energetics from a comparative perspective across vertebrates and invertebrates. [3-0-0] Prerequisite: BIOL 260 and one of BIOL 200, BIOL 201, BIOC 202, BIOC 203."
BIOL_V 371,Principles of Neurobiology I,"Introduction to the structure and function of the nervous system, excitable membranes, and synaptic signaling using representative vertebrate and invertebrate species. Please consult the Faculty of Science Credit Exclusion Lists:https://vancouver.calendar.ubc.ca/faculties-colleges-and-schools/facult…[3-0-0] Prerequisite: BIOL 200 and one of BIOL 260, NSCI 200, PSYC 270, PSYC 271, PSYC 304, CAPS 301."
BIOL_V 372,Principles of Neurobiology II,"Examination of the neural systems underlying sensation, action, and complex behaviours using representative vertebrate and invertebrate species. Please consult the Faculty of Science Credit Exclusion Lists:https://vancouver.calendar.ubc.ca/faculties-colleges-and-schools/facult…[3-0-0] Prerequisite: BIOL 371."
BIOL_V 398,Co-operative Work Placement I,"Work experience in an industrial setting, taken during Winter Session (Term 2) of third-year. Restricted to students admitted to the Co-operative Education Program in Biology.This course is not eligible for Credit/D/Fail grading."
BIOL_V 399,Co-operative Work Placement II,"Work experience in an industrial research setting, taken during Summer Session (Terms 1 and 2) following third-year. Restricted to students admitted to the Co-operative Education Program in Biology. Prerequisite: BIOL_V 398This course is not eligible for Credit/D/Fail grading."
BIOL_V 401,Theory of Evolutionary Dynamics,"Evolution as a dynamical system based on ecological interactions. Adaptive dynamics and evolutionary game theory. Credit will be granted for only one of BIOL_V 401 or BIOL_V 560. [3-0-0]. Prerequisite: BIOL_V 301 and one of MATH_V 101, MATH_V 103, MATH_V 105, MATH_V 121.This course is not eligible for Credit/D/Fail grading."
BIOL_V 402,Aquatic Ecology,"Theoretical and applied limnology; ecology of inland water organisms in relation to physical, chemical and biological factors. One weekend field trip required. [2-4-0] Prerequisite: BIOL 230 and one of BIOL 300, STAT 200."
BIOL_V 403,Microbial Ecology,"Theoretical and applied ecology of microbes. Focus on microbial symbionts of animals, plants and seaweeds. Research project development through critical analysis of microbial ecological literature and computational analysis of ecological data. [2-3-0] Prerequisite: One of BIOL_V 121, SCIE_V 001, BIOL_V 230 and one of BIOL_V 300, FRST_V 231, STAT_V 200. 4th-year class standing.This course is not eligible for Credit/D/Fail grading."
BIOL_V 404,Ecological Methodology,"Design, execution, and analysis of ecological surveys and experiments. Practical field methods for estimating population metrics and describing community structure. Computer techniques for the statistical analysis of ecological data. [2-4-0] Prerequisite: BIOL 230 and one of BIOL 300, STAT 200."
BIOL_V 406,Plant Ecology I,"Plant community ecology including a consideration of the major approaches to sampling, analyzing and interpreting vegetation patterns. Instruction given in field work and computer analysis of field data. [3-3-0] Prerequisite: BIOL 230. BIOL 324 is recommended."
BIOL_V 408,Principles of Applied Ecology,"Principles of animal and community ecology applicable to the management of animal resources; application of statistical and computer techniques for measuring, analyzing, modelling, and simulating resource systems; problems of multiple resource use. [2-2-0] Prerequisite: BIOL 300"
BIOL_V 409,Field Course in Ecology,"A two-week intensive course in field methods used in ecology. Fieldwork for this course is normally in the summer. A fee will be assessed for living and traveling expenses. Pre-registration required. Prerequisite: BIOL 230 and one of BIOL 300, STAT 200. BIOL 306 is recommended."
BIOL_V 410,Current Topics in Animal Behaviour,Lectures and seminar discussions on selected topics in animal behaviour. [2-0-2] Prerequisite: BIOL 310
BIOL_V 411,Insect Ecology,"Behavioural, population and community ecology of insects. Interactions between insects and plants and the application of the principles of insect ecology to biological control of insects and weeds. [3-0-0] Prerequisite: One of BIOL 205, BIOL 327, APBI 327. Equivalency: APBI 427"
BIOL_V 412,Plant Biogeography,"Description and interpretation of present and past floristic vegetational patterns; integration of evolutionary, ecological, and plant biogeographical concepts. Terrestrial and aquatic plants are considered. Restricted to students of third and fourth years. [3-0-0] Prerequisite: BIOL_V 121 or SCIE_V 001."
BIOL_V 413,Zoogeography,"The role of physical, ecological, and evolutionary processes in determining the geographic distribution of animals including humans, with implications for speciation and conservation. Restricted to students in third and fourth year. [3-0-0] Prerequisite: BIOL_V 121 or SCIE_V 001."
BIOL_V 415,Evolutionary Processes in Plants,"Experimental and comparative analysis of evolutionary processes, speciation, and phylogenetic patterns in plants. [2-0-0] Prerequisite: BIOL 336."
BIOL_V 416,Principles of Conservation Biology,"Ecological basis of conserving biological diversity and ecosystem services; application of ecological theory to global and local conservation problems in the context of economic, legal, political, and social perspectives. Please consult the Faculty of Science Credit Exclusion List:https://vancouver.calendar.ubc.ca/faculties-colleges-and-schools/facult…. [2-0-2] Prerequisite: One of BIOL 230, FRST 201."
BIOL_V 417,Phylogenetic Biology,"Biodiversity from an evolutionary perspective. The evolutionary (phylogenetic) tree of genetic descent that links all organisms: its reconstruction, interpretation, and implications for fields from ecology to molecular biology. [2-0-2] Prerequisite: BIOL 200 and one of BIOL 233, BIOL 234. BIOL 336 is recommended"
BIOL_V 418,Evolutionary Ecology,"Ecological adaptation and evolutionary processes in contemporary populations; natural selection, variation, optimization, foraging theory, coevolution, arms races; life history theory, evolution of sex, sexual selection, evolution in managed populations. [2-2-0] Prerequisite: BIOL 336 and BIOL 230."
BIOL_V 420,Ocean Conservation and Sustainability,"An interdisciplinary conservation course with a solutions-oriented approach to marine issues, drawing from natural sciences, social sciences, business, law, and communication. [2-0-3]. Prerequisite: Fourth-year standing.This course is not eligible for Credit/D/Fail grading."
BIOL_V 421,Plant-Microbe Interactions,"Biology and physiology of selected plant-microbe relationships. Impacts of plant-microbe relationships on society. [3-0-2] Prerequisite: BIOL 200 and one of BIOC 202, BIOC 203, BIOL 201, BIOL 233, BIOL 234, BIOL 260. Equivalency: APBI 426"
BIOL_V 423,Plant Stress Ecophysiology,Molecular mechanisms of plant responses to extreme environments. Consult the Faculty of Science Credit Exclusion List:https://vancouver.calendar.ubc.ca/faculties-colleges-and-schools/facult…. [3-0-0] Prerequisite: BIOL 351. BIOL 406 or 407 are recommended.
BIOL_V 424,Tropical Ecology and Conservation,"Ecology, function, history and conservation of tropical systems. Focus on ecological and evolutionary principles using tropical landscapes as a geographic template. Assessment of factors that make tropical systems vulnerable to degradation. Research project development using analysis of tropical ecology literature. [2-0-2] Prerequisite: BIOL_V 121 or SCIE_V 001 and one of BIOL_V 230, FRST_V 201, GEOS_V 207, GEOB_V 207."
BIOL_V 425,Biomechanics,"An analytical approach to the study of skeletal mechanics and animal locomotion. Selected topics in the structure and properties of biological materials, the functional design of skeletons for locomotion, and the fluid mechanics of swimming and flight. [2-3-0] Prerequisite: BIOL 325"
BIOL_V 426,Mammalogy,"Natural history, behavioral ecology and conservation of terrestrial mammals. The laboratory includes classification, life histories, and ecology, with particular attention to species from British Columbia. [2-3-0] Prerequisite: BIOL 204"
BIOL_V 427,Ornithology and Herpetology,"Ecology, evolution, behavior, and conservation of birds, amphibians, and reptiles. Laboratories and field projects will focus on identification, systematics, and natural history, with particular attention to species from British Columbia. [2-3-0] Prerequisite: BIOL_V 121 or SCIE_V 001."
BIOL_V 428,Evolutionary Morphology of Marine Invertebrates,"Comparative analysis of marine invertebrate morphology from a macroevolutionary perspective. Origin and evolution of reoccurring adaptations in meiofaunal, benthic, pelagic, and deep-sea invertebrates, including their larval stages. [3-0-0] Prerequisite: BIOL_V 205 and 3rd-year class standing or higher."
BIOL_V 430,Genome Evolution,"Integration of molecular genetics and genomics with evolutionary biology. Emphasis on the evolutionary dynamics of genomes and the evolutionary implications of recent discoveries in molecular genetics and genomics. [3-0-0] Prerequisite: One of BIOL_V 335, BIOL_V 336, BIOL_V 338, BIOT_V 380."
BIOL_V 431,Evolutionary Cell Biology,"Ultrastructure, biogenesis, and evolution of eukaryotic cells and cell organelles, including their macromolecular basis. [3-0-0] Prerequisite: BIOL200 And fourth-year standing."
BIOL_V 432,Research Strategies and Techniques in Cell Biology,"Major physiological mechanisms that define eukaryotic cells, explored through student visits to UBC research laboratories and discussion of recent scientific literature, with emphasis on the techniques and strategies that enable researchers to test hypotheses and advance new concepts. [3-0-0] Prerequisite: BIOL_V 200 and one of BIOL_V 233, BIOL_V 234 and 4th-year class standing."
BIOL_V 433,Plant Genetics,Emphasis on molecular aspects. Systems and techniques for genetic analysis in plants; isolation and regulation of plant genes; genetic dissection of plant-specific processes; transposable elements; gene transfer in plants; cytoplasmic inheritance; genetic engineering. Please consult the Faculty of Science Credit Exclusion Lists:https://vancouver.calendar.ubc.ca/faculties-colleges-and-schools/facult…[3-0-0] Prerequisite: BIOL 335
BIOL_V 434,Population Genetics,"Theoretical and experimental aspects of population and quantitative genetics. Please consult the Faculty of Science Credit Exclusion Lists:https://vancouver.calendar.ubc.ca/faculties-colleges-and-schools/facult…[3-0-2] Prerequisite: BIOL 336 and either (a) BIOL 200 and one of BIOL 233, BIOL 234; or (b) FRST 302."
BIOL_V 436,Integrated Functional Genomics,"Global transcript, protein, and metabolite profiling technologies and their integration; applications focus on plant functions and plant interactions with pathogens and pests. [3-0-0] One of BIOL_V 335, BIOL_V 338, BIOT_V 380. Equivalency: FNH_V 436."
BIOL_V 437,Laboratory in Animal Cell Molecular Biology,"The use of recombinant DNA techniques to explore problems in animal developmental biology. [2-4-0] Prerequisite: All of BIOL 331, BIOL 335 and one of BIOL 201, BIOC 202, BIOC 203."
BIOL_V 438,Zoological Physics,"Animal systems viewed from a physicist's perspective. Topics include sensory systems, energy budgets, locomotion, internal flows, physical advantages of grouping. [3-0-0] Prerequisite: One of PHYS 101, PHYS 106, PHYS 107, PHYS 117, PHYS 131, PHYS 157, SCIE 001. BIOL 325 is recommended. Equivalency: PHYS 438"
BIOL_V 439,Advanced Microscopy Techniques,"Microscopy techniques used in biological research. Principles, applications and hands-on training of optical and electron microscopy. Please consult the Faculty of Science Credit Exclusion Lists:https://vancouver.calendar.ubc.ca/faculties-colleges-and-schools/facult…. [2-4-0]. Prerequisite: BIOL_V 200. Corequisite: One of BIOL_V 448, BIOL_V 449 and Fourth-year standing.This course is not eligible for Credit/D/Fail grading."
BIOL_V 440,Plant Genomics,"Concepts, principles, applications, and recent discoveries in genome structure, genetics, and comparative genomics in plants with a focus on economically important plants. [3-0-0] Corequisite: One of BIOL_V 335, BIOL_V 338, BIOT_V 380. Equivalency: APBI_V 440."
BIOL_V 441,Advanced Topics in Cell Biology,"Analysis of cellular organelles and the intracellular traffic between them, concentrating on mammalian cell systems. [3-0-0] Prerequisite: One of BIOL 340, BIOL 341 and one of BIOL 361, BIOL 362, BIOL 370, BIOL 371."
BIOL_V 445,Darwin's Fishes,"A series of computer-assisted lectures using ichthyology and the work of Charles Darwin to illustrate basic principles of biology, and their practical implementation, i.e., how biologists select research programs, generate and test hypotheses, and present their case to peers and the public. [2-0-2] Prerequisite: 3rd-year class standing or higher in Science is required."
BIOL_V 446,History and Philosophy of Biology,"The nature of science, this history of evolutionary and molecular biology, philosophical questions about scientific methods and fundamental conclusions of biology. [3-0-0] Prerequisite: 4th-year class standing in any degree program."
BIOL_V 447,Principles and Methodology in Biological Research,"Seminars, debates, workshops and tutorials designed to produce competence in specific areas of Biology. Restricted to Honours students in Biology. [2-3-0] Corequisite: BIOL 449"
BIOL_V 448,Directed Studies in Biology,A course designed to allow students to undertake an investigation on a specific topic as agreed upon by the faculty member and the student. Permission of the supervisor required. No more than six credits of BIOL_V 448 may be taken with the same supervisor.
BIOL_V 449,Directed Biological Research,"A course designed to allow students to undertake a research project in selected fields. Open only to Honours students in Biology, with permission of the supervisor. Presentation of a thesis and an oral examination are required. Corequisite: BIOL 447"
BIOL_V 450,Molecular Adaptation of Animals to the Environment,"Physiological, biochemical, and molecular strategies of adaptation of animals to environmental challenges. The evolution of genetic and biochemical systems, and their impact on animal structure and function. [3-0-0] Prerequisite: One of APBI 311, BIOL 361, BIOL 362, BIOL 364, BIOL 370, BIOL 371 and one of BIOL 201, BIOC 202, BIOC 203. BIOL 457 is recommended."
BIOL_V 451,Comparative Neurobiology,"Advanced investigations of the evolution of animal nervous systems, integrating studies of diverse species to understand fundamental neurobiology. [3-0-0] Prerequisite: One of BIOL 371, BIOL 372, CAPS 301, PSYC 304, PSYC 367, PSYC 370."
BIOL_V 453,Insect Physiology,"Physiological adaptations used by insects, including adaptations used to survive in extreme environments. Homeostatic mechanisms, neurophysiology, and experimental techniques. [3-3-0] Prerequisite: One of BIOL_V 204, BIOL_V 205, BIOL_V 327, APBI_V 327 and one of BIOL_V 361, BIOL_V 364, BIOL_V 370, BIOL_V 371, APBI_V 311."
BIOL_V 454,Comparative Animal Physiology,"Selected topics in physiology emphasizing comparisons between diverse phylogenetic groups of animals. [3-0-0] Prerequisite: One of APBI 311, BIOL 362, BIOL 364."
BIOL_V 455,Comparative Neurobiology,"Current approaches in neurobiology, from the cellular to the behavioural level, are examined using representatives of vertebrate and invertebrate nervous systems. [3-0-2*] Prerequisite: One of BIOL 361, BIOL 362, BIOL 364, CAPS 301, PSYC 360."
BIOL_V 456,Comparative and Molecular Endocrinology,"A comparative study of vertebrate and invertebrate endocrinology. [3-0-0] Prerequisite: One of APBI 311, BIOL 364."
BIOL_V 457,Comparative Environmental Physiology,"A survey of physiological adaptions of animals to different environments. [3-0-0] Prerequisite: One of APBI 311, BIOL 364."
BIOL_V 458,Developmental Neurobiology,"Cellular, molecular and physiological aspects of nervous system development with applications to understanding adult nervous system function and neurological disorders. [3-0-0]"
BIOL_V 459,Neurobiology of Sensory and Motor Systems,"Analysis of the mechanisms of sensory processing and motor orchestration using vertebrate and invertebrate model systems. Neural circuit structure, specialization, information coding, integration, and behaviour. [3-0-0] Prerequisite: One of BIOL 372, CAPS 301, PSYC 304, PSYC 367, PSYC 370."
BIOL_V 460,Neurobiology of Vision,"Advanced investigation of animal vision; critical analysis of recent literature and research project development in visual neurobiology. [3-0-0] Prerequisite: One of BIOL 372, CAPS 301, PSYC 304, PSYC 367, PSYC 370."
BIOL_V 462,Ecological Plant Biochemistry,"The structure, biosynthesis, distribution and biological function of secondary plant metabolites. [3-0-0] Prerequisite: Either a) BIOL_V 200 and one of either BIOL_V 201 or BIOC_V 202, or b) BIOT_V 380. Equivalency: FRST_V 413."
BIOL_V 463,Gene Regulation in Development,"Control of gene expression in development; the genetic and physiological basis of epigenetic determination; inductive interactions. [3-0-0] Prerequisite: Either (a) BIOL 335 and one of BIOL 201, BIOC 202, BIOC 203; or (b) BIOT 380."
BIOL_V 464,Animal Developmental Genetics,Role of genes in embryonic development. Emphasis on tissue specific expression patterns and the role of genetic networks in establishing cell types. [3-0-0] Prerequisite: BIOL 463
BIOL_V 465,Diversity and Evolution of Fishes,"Introduction to fish diversity, with a focus on their phylogenetic interrelationships and the evolutionary, ecological, and biogeographic processes involved in generating patterns of fish biodiversity. [2-3-0] Prerequisite: BIOL 204"
BIOL_V 466,Applied Biology of Fishes,Physiological ecology and exploitation biology of teleost fishes; computer-based analysis and modeling of fish populations. Prerequisite: BIOL 465
BIOL_V 488,Topics in Biology,Selected topics in a specific area within Biology. May be taken more than once for credit with permission of the Department. Prerequisite: Third-year standing in a Life Science specialization.
BIOL_V 490,Student Directed Seminars,"Self-directed, collaborative studies, in a group-learning environment, initiated and coordinated by senior undergraduate students with the supervision of a faculty advisor. Course structure, enrolment, and delivery methods will comply with the Handbook for Student Directed Seminars. Normally not suitable as a specific BIOL program elective. [3-0] Prerequisite: 3rd-year class standing or higher."
BIOL_V 498,Co-operative Work Placement III,"Work experience in an industrial research setting, taken during the Summer Session (Terms 1 and 2) following fourth-year. Restricted to students admitted to the Co-operative Education Program in Biology.This course is not eligible for Credit/D/Fail grading."
BIOL_V 499,Co-operative Work Placement IV,"Work experience in an industrial research setting, taken during the Winter Session (Terms 1 and 2) following fourth-year. Restricted to students admitted to the Co-operative Education Program in Biology. Prerequisite: One of BIOL_V 399, BIOL_V 498.This course is not eligible for Credit/D/Fail grading."
BIOL_V 501,Quantitative Methods in Ecology and Evolution,Prerequisite: BIOL_V 300 or equivalent and graduate student standing.This course is not eligible for Credit/D/Fail grading.
BIOL_V 503,Microbial Ecology,"Theoretical and applied ecology of microbes. Focus on microbial symbionts of animals, plants and seaweeds. Critical analysis of microbial ecological literature and computational analysis of ecological data. Please consult the Faculty of Science Credit Exclusion Lists:https://vancouver.calendar.ubc.ca/faculties-colleges-and-schools/facult…. [2-3-0].This course is not eligible for Credit/D/Fail grading."
BIOL_V 509,Population and Quantitative Genetics,Please consult the Faculty of Science Credit Exclusion Lists:https://vancouver.calendar.ubc.ca/faculties-colleges-and-schools/facult….This course is not eligible for Credit/D/Fail grading.
BIOL_V 510,Applied Population Genetics,Equivalency: FRST_V 510.This course is not eligible for Credit/D/Fail grading.
BIOL_V 525,Topics in Systematics and Evolution,This course is not eligible for Credit/D/Fail grading.
BIOL_V 530,The Biology of the Cell,This course is not eligible for Credit/D/Fail grading.
BIOL_V 533,Plant Genetics,Emphasis on molecular aspects. Systems and techniques for genetic analysis in plants; isolation and regulation of plant genes; genetic dissection of plant-specific processes; transposable elements; gene transfer in plants; cytoplasmic inheritance; genetic engineering. Please consult the Faculty of Science Credit Exclusion Lists:https://vancouver.calendar.ubc.ca/faculties-colleges-and-schools/facult…. [3-0-0]. Prerequisite: BIOL_V 335.This course is not eligible for Credit/D/Fail grading.
BIOL_V 535,Teaching and Learning in the Life Sciences,This course is not eligible for Credit/D/Fail grading.
BIOL_V 537,Topics in Biotechnology,"Research reviews, class discussions, and presentations about current research in the diverse areas of biotechnology. Topics include the research interests of members of the UBC Biotechnology Laboratory. [1.5-0].This course is not eligible for Credit/D/Fail grading."
BIOL_V 539,Advanced Microscopy Techniques,"Microscopy techniques used in biological research. Principles, applications and hands-on training of optical and electron microscopy. Please consult the Faculty of Science Credit Exclusion Lists:https://vancouver.calendar.ubc.ca/faculties-colleges-and-schools/facult…. [2-4-0].This course is not eligible for Credit/D/Fail grading."
BIOL_V 548,Advanced Topics in Biology,This course is not eligible for Credit/D/Fail grading.
BIOL_V 560,Theory of Adaptive Dynamics and Evolutionary Games,Consult the credit exclusion list within the Faculty of Science section of the Academic Calendar:https://vancouver.calendar.ubc.ca/faculties-colleges-and-schools/facult…. Credit will be granted for only one of BIOL_V 560 or BIOL_V 401. [3-0-0]. Prerequisite: An introductory course in the mathematical treatment of population biology as well as a course in integral calculus.This course is not eligible for Credit/D/Fail grading.
BIOT_V 201,Lab Safety,Enrolment limited to students in the Joint Degree Program in Biotechnology. Same as BCIT BIOT 1371.
BIOT_V 203,Introduction to Biotechnology,Credit limited to students in the Joint Degree Program in Biotechnology. Same as BCIT BIOT 3210.
BIOT_V 205,Microbiology I,Credit limited to students in the Joint Degree Program in Biotechnology. Same as BCIT BIOT 3201.
BIOT_V 206,Microbiology II,Credit limited to students in the Joint Degree Program in Biotechnology. Same as BCIT BIOT 4201.
BIOT_V 207,Principles of Animal Physiology,Credit limited to students in the Joint Degree Program in Biotechnology. Same as BCIT BIOT 3260.
BIOT_V 208,Plant Anatomy and Physiology,Credit limited to students in the Joint Degree Program in Biotechnology. Same as BCIT BIOT 4260.
BIOT_V 210,Animal Cell Biotechnology,Credit limited to students in the Joint Degree Program in Biotechnology. Same as BCIT BIOT 4230.
BIOT_V 221,Organic Chemistry I for Biotechnology,Credit limited to students in the Joint Degree Program in Biotechnology. Same as BCIT CHEM 3338.
BIOT_V 222,Organic Chemistry II for Biotechnology,Credit limited to students in the Joint Degree Program in Biotechnology. Same as BCIT CHEM 4438.
BIOT_V 231,Communications for Biotechnology,Credit limited to students in the Joint Degree Program in Biotechnology. Same as BCIT COMM 3343.
BIOT_V 232,Communication Workshop,Enrolment limited to students in the Joint Degree Program in Biotechnology. Same as BCIT COMM 4443.
BIOT_V 241,Basic Statistics and Information Technology for Biotechnology,Enrolment limited to students in the Joint Degree Program in Biotechnology. Same as BCIT MATH 2444.
BIOT_V 242,Inferential Statistics and Research Methodology for Biotechnology,Credit limited to students in the Joint Degree Program in Biotechnology. Same as BCIT MATH 4442.
BIOT_V 280,Introductory Biotechnology,"Block registration for the biotechnology, microbiology, physiology, communication for biotechnology, organic chemistry, information technology, plant anatomy, plant physiology and cell biology courses taken in the Joint BCIT/UBC Degree in Biotechnology. Credit limited to students in the Joint Degree Program.This course is not eligible for Credit/D/Fail grading."
BIOT_V 306,Microbiology III,Credit limited to students in the Joint Degree Program in Biotechnology. Same as BCIT BIOT 6201.
BIOT_V 307,Molecular Genetics I,Credit limited to students in the Joint Degree Program in Biotechnology. Same as BCIT BIOT 5220.
BIOT_V 308,Molecular Genetics II,Credit limited to students in the Joint Degree Program in Biotechnology. Same as BCIT BIOT 6220.
BIOT_V 309,Advanced Plant Cell Biotechnology,Credit limited to students in the Joint Degree Program in Biotechnology. Same as BCIT BIOT 5230.
BIOT_V 310,Process Systems,Credit limited to students in the Joint Degree Program in Biotechnology. Same as BCIT BIOT 5361.
BIOT_V 311,Biochemistry I,Credit limited to students in the Joint Degree Program in Biotechnology. Same as BCIT BIOT 5240.
BIOT_V 312,Biochemistry II,Credit limited to students in the Joint Degree Program in Biotechnology. Same as BCIT BIOT 6240.
BIOT_V 313,Introduction to Pharmaceutical Development,Credit limited to students in the Joint Degree Program in Biotechnology. Same as BCIT BIOT 5250.
BIOT_V 323,Analytical Chemistry I,Credit limited to students in the Joint Degree Program in Biotechnology. Same as BCIT CHEM 5509.
BIOT_V 324,Analytical Chemistry II,Credit limited to students in the Joint Degree Program in Biotechnology. Same as BCIT CHEM 6609.
BIOT_V 331,Critical Reading & Writing,Credit limited to students in the Joint Degree Program in Biotechnology. Same as BCIT LIBS 7001.
BIOT_V 351,Management Skills and Applications,Enrolment limited to students in the Joint Degree Program in Biotechnology. Same as BCIT BUSA 7250.
BIOT_V 352,Management and Regulatory Affairs,Credit limited to students in the Joint Degree Program in Biotechnology. Same as BCIT BIOT 6270.
BIOT_V 361,Applied Ethics,Credit limited to students in the Joint Degree Program in Biotechnology. Same as BCIT LIBS 7002.
BIOT_V 380,Advanced Biotechnology,"Block registration for the microbiology, molecular genetics, biochemistry, management and regulatory affairs, process systems, analytical chemistry and communication courses taken in the BCIT/UBC Joint Degree in Biotechnology. Credit limited to students in the Joint Degree Program.This course is not eligible for Credit/D/Fail grading."
BIOT_V 398,Co-operative Work Placement I,Credit limited to students in the Joint Degree Program in Biotechnology.
BIOT_V 399,Co-operative Work Placement II,Credit limited to students in the Joint Degree Program in Biotechnology.
BOTA_V 501,Seminar in Botany,This course is not eligible for Credit/D/Fail grading.
BOTA_V 502,Thesis Seminar,This course is not eligible for Credit/D/Fail grading.
BOTA_V 526,Advanced Plant Community Analysis,This course is not eligible for Credit/D/Fail grading.
BOTA_V 527,Dynamics of Plant Populations,Prerequisite: BIOL_V 407This course is not eligible for Credit/D/Fail grading.
BOTA_V 528,Current Topics in Plant Biochemistry,This course is not eligible for Credit/D/Fail grading.
BOTA_V 544,Plant Molecular Biology Laboratory,"Admission to the course is limited and requires recommendation from the Head of Botany or the Director of the Biotechnology Laboratory. Prerequisite: BIOL_V 335 is recommended as either a prerequisite or corequisite. Equivalency: PLNT_V 540, FRST_V 503.This course is not eligible for Credit/D/Fail grading."
BOTA_V 546,Topics in Botany,This course is not eligible for Credit/D/Fail grading.
BOTA_V 548,M.Sc. Major Essay,This course is not eligible for Credit/D/Fail grading.
BOTA_V 549,Master's Thesis,This course is not eligible for Credit/D/Fail grading.
BOTA_V 649,Doctoral Dissertation,This course is not eligible for Credit/D/Fail grading.
CHEM_V 100,Foundations of Chemistry,"Atomic and molecular properties, chemical reactions, bonding, nomenclature, kinetics, equilibrium processes, acids and bases, oxidation and reduction. Intended for students who do not receive a satisfactory score on the UBC Chemistry Basic Skills Test, and need to establish a foundation of chemistry skills before proceeding to other first year chemistry courses. [3-0-1]. Prerequisite: Not open to students with credit for Chemistry 12. Permission of the department head.This course is not eligible for Credit/D/Fail grading."
CHEM_V 110,"Structure, Bonding and Equilibrium in Chemistry (Lecture)","Fundamentals of bonding theories, structural chemistry and equilibrium with applications relevant to modern society. [3-0-1]. Prerequisite: Not open to students with credit for Chemistry 12. A satisfactory score on the UBC Chemistry Basic Skills Test.This course is not eligible for Credit/D/Fail grading."
CHEM_V 111,"Structure, Bonding, and Equilibrium in Chemistry","Fundamentals of bonding theories, structural chemistry and equilibrium with applications relevant to modern society. [3-3-1] Prerequisite: Not open to students with credit for CHEM 12. A satisfactory score on the UBC Chemistry Basic Skills Test."
CHEM_V 115,Introductory Chemical Laboratory I,"An introduction to the principles and techniques of the chemistry laboratory. [0-3-0] Prerequisite: One of CHEM 110, CHEM 120."
CHEM_V 120,Structure and Bonding in Chemistry (Lecture),"Fundamentals of bonding theories, structural chemistry, with applications relevant to modern society. [3-0-0]. Prerequisite: One of CHEM 12, CHEM_V 100.This course is not eligible for Credit/D/Fail grading."
CHEM_V 121,Structure and Bonding in Chemistry,"Fundamentals of bonding theories and structural chemistry, with applications relevant to modern society. [3-3-0] Prerequisite: One of CHEM_V 12, CHEM_V 100. Equivalency: CHEM_V 141"
CHEM_V 123,"Thermodynamics, Kinetics and Organic Chemistry","Fundamentals of chemical reactivity: thermodynamics; kinetics; organic chemistry, including stereochemistry; applications relevant to modern society. [3-3-0] Prerequisite: One of CHEM 111, CHEM 121, CHEM 141."
CHEM_V 130,"Thermodynamics, Kinetics and Organic Chemistry (Lecture)","Fundamentals of chemical reactivity: thermodynamics; kinetics; organic chemistry, including stereochemistry; applications relevant to modern society. [3-0-0] Prerequisite: One of CHEM 110, CHEM 111, CHEM 120, CHEM 121, CHEM 141."
CHEM_V 135,Introductory Chemical Laboratory II,"An introduction to the principles and techniques of the chemistry laboratory. [0-3-0] Prerequisite: One of CHEM 111, CHEM 115, CHEM 121, CHEM 141."
CHEM_V 141,"Chemical Bonding, Molecular Structure and Properties for Lab Sciences","Bonding theories, their predictions, experimental tests, and consequences regarding chemical structure and observable properties. Applications relevant to modern society are emphasized. For students interested in lab-focused sciences such as Chemistry, Physics, Biochemistry, Microbiology and related disciplines. Restricted to students in the Faculty of Science. [3-3-0] Prerequisite: One of CHEM 12, CHEM 100. Equivalency: CHEM121"
CHEM_V 154,Chemistry for Engineering,"Chemical bonding, properties of matter. Chemical thermodynamics with applications to phase equilibria, aqueous equilibria and electrochemistry. Processes at surfaces. [3-3*-0] Prerequisite: CHEM 12."
CHEM_V 203,Introduction to Organic Chemistry,"Structure, bonding and physical properties of aliphatic and aromatic compounds; mechanistic analysis of chemical reactivity of common functional groups with a focus on carbon-heteroatom bond formation; functional group interconversion and oxidation/reduction reactions. Only open to students in Chemistry or Biochemistry specializations. Credit will be granted for only one of CHEM 203 or CHEM 223, CHEM 225 or CHEM 233, 235. [3-3-0] Prerequisite: Either (a) CHEM 123 or (b) all of CHEM 130, CHEM 135 or (c) SCIE 001."
CHEM_V 205,Physical Chemistry,"Chemical kinetics and thermodynamics and spectroscopy useful in biological, medical, agricultural, earth, and related sciences. [3-0-0] Prerequisite: Either (a) SCIE_V 001 or (b) one of MATH_V 100, MATH_V 102, MATH_V 104, MATH_V 110, MATH_V 120, MATH_V 180, MATH_V 184, MATH_O 100 and one of CHEM_V 130, CHEM_V 123, CHEM_V 154."
CHEM_V 208,Coordination Chemistry,"Fundamental concepts and principles governing bonding and reactivity of coordination complexes: ligand field theory; symmetry and point groups; frontier molecular orbital theory. [3-0-1]. Prerequisite: One of CHEM_V 130, CHEM_V 123, SCIE_V 001.This course is not eligible for Credit/D/Fail grading."
CHEM_V 210,Introduction to Chemical Analysis (Lecture),"Quantitative chemical analysis; chemical and physical principles of spectrophotometry, potentiometry, and chromatography. [3-0-0] Prerequisite: One of CHEM_V 123, CHEM_V 130, SCIE_V 001.This course is not eligible for Credit/D/Fail grading."
CHEM_V 211,Introduction to Chemical Analysis,"Quantitative chemical analysis; chemical and physical principles of spectrophotometry, potentiometry, and chromatography. [3-3-0]. Prerequisite: Either (a) CHEM_V 123 or (b) all of CHEM_V 130, CHEM_V 135 or (c) SCIE_V 001.This course is not eligible for Credit/D/Fail grading."
CHEM_V 213,Organic Chemistry,"Spectroscopy of organic compounds. Mechanistic analysis of chemical reactivity of common functional groups with a focus on carbon-carbon bond formation; functional group interconversion. Preference will be given to students in Chemistry or Biochemistry specializations. [3-0-0] Prerequisite: Either (a) one of CHEM_V 203, CHEM_V 223, CHEM_O 203 or (b) a score of 76% or higher in CHEM_V 233 or CHEM_O 213."
CHEM_V 215,Introductory Analytical Chemical Laboratory,"An introduction to the principles and techniques in the analytical chemistry laboratory. [0-3-0] Prerequisite: CHEM 210 and one of CHEM 123, CHEM 135."
CHEM_V 218,Fundamentals of Reactivity in Inorganic Chemistry,Chemical reactivity of inorganic systems: oxidation/reduction chemistry; multiply-bonded systems; main group chemistry. [3-0-1]. Prerequisite: CHEM_V 208.This course is not eligible for Credit/D/Fail grading.
CHEM_V 223,Introduction to Organic Chemistry (Lecture),"Structure, bonding and physical properties of aliphatic and aromatic compounds; mechanistic analysis of chemical reactivity of common functional groups with a focus on carbon-heteroatom bond formation; functional group interconversion and oxidation/reduction reactions. Only open to students in Chemistry or Biochemistry specializations. Students should consult the Credit Exclusion List for credit exclusions relating to second-year organic chemistry courses. [3-0-0] Prerequisite: One of CHEM 123, CHEM 130, SCIE 001."
CHEM_V 225,Introductory Synthetic Chemical Laboratory,"An introduction to the principles and techniques in the synthetic organic and inorganic chemistry laboratory. [0-3-0] Prerequisite: One of CHEM 123, CHEM 135."
CHEM_V 233,Organic Chemistry for the Biological Sciences,"Reactions and properties of carbonyl compounds, carbohydrates, amino acids, nucleic acids. Credit will be granted for only one of CHEM 233 or CHEM 203 or CHEM 223. [3-0-0] Prerequisite: One of CHEM 123, CHEM 130, SCIE 001."
CHEM_V 235,Organic Chemistry Laboratory,"Techniques of organic chemistry. To be taken in conjunction with, or in the term following, CHEM_V 233. Credit will be granted for only one of CHEM_V 235 or CHEM_V 203. [0-3-0] Prerequisite: One of CHEM_V 123, CHEM_V 135, SCIE_V 001. Corequisite: CHEM_V 233 or CHEM_O 213."
CHEM_V 245,Intermediate Synthetic Chemistry Laboratory,"Techniques in synthetic organic and inorganic chemistry. Open only to students in Chemistry or Biochemistry specializations. [0-3-1]. Prerequisite: Either (a) CHEM_V 203 or (b) all of CHEM_V 223, CHEM_V 225 or (c) all of CHEM_V 233, CHEM_V 235. Corequisite: CHEM_V 213.This course is not eligible for Credit/D/Fail grading."
CHEM_V 250,Inorganic Chemistry for Engineers,"Chemistry of selected groups of inorganic compounds, considered in relation to industrial processes. [3-0-0] Prerequisite: One of CHEM 123, CHEM 130, CHEM 154, SCIE 001."
CHEM_V 251,Physical Chemistry for Engineers,"States of matter, properties of gases, phase diagrams. Elementary chemical thermodynamics and kinetics. Reaction equilibria. [3-0-1] Prerequisite: One of CHEM 123, CHEM 130, CHEM 154, SCIE 001."
CHEM_V 260,Organic Chemistry for Engineers,"A description of the properties and reactions of organic compounds. [3-0-0] Prerequisite: One of CHEM 123, CHEM 130, CHEM 154, SCIE 001."
CHEM_V 300,Communicating Chemistry,Effective argumentation and communication skills in chemistry. Only open to students in a Chemistry specialization. [1-0-3]. Prerequisite: Third year standing.This course is not eligible for Credit/D/Fail grading.
CHEM_V 301,Aqueous Environmental Chemistry,"Properties and composition of natural waters, including gas and solid equilibria, pH and acidification, redox chemistry, complexation, corrosion, ion exchange, colloids and microbial transformations. [3-0-0] Prerequisite: One of CHEM 123, CHEM 130, CHBE 220. and Third year standing."
CHEM_V 302,Atmospheric Environmental Chemistry,"Introduction to structure, composition and chemical processes occurring in Earth's atmosphere, including interactions with solar radiation, stratospheric ozone layer, photochemical smog and acid rain. [3-0-0] Prerequisite: One of CHEM 123, CHEM 130, CHBE 220. and Third year standing."
CHEM_V 304,Fundamentals of Thermodynamics and Statistical Mechanics,"Principles of chemical thermodynamics; introduction to statistical mechanics; phase equilibria; electrochemistry. [3-0-1] Prerequisite: One of CHEM_V 123, CHEM_V 130 and one of MATH_V 200, MATH_V 217, MATH_V 226, MATH_V 253."
CHEM_V 305,Biophysical Chemistry,"Diffusion and transport phenomena; interaction of radiation and matter. Methods for determining molecular weight, size, and shape of molecules in solution. [3-0-0] Prerequisite: One of MATH 200, MATH 217, MATH 226, MATH 253 and either (a) a score of 76% or higher in CHEM 205 or (b) CHEM 304 or (c) PHYS 203."
CHEM_V 311,Instrumental Analytical Chemistry,"Theory, design, and application of instrumental methods of chemical analysis including spectroscopy, mass spectrometry, electroanalysis, and chemical separations. [3-0-1] Prerequisite: One of CHEM_V 210, CHEM_V 211."
CHEM_V 312,Introduction to Quantum Mechanics and Spectroscopy,"Principles of quantum mechanics; atomic wavefunctions; angular momentum; spin; atomic term symbols. [3-0-1] Prerequisite: One of CHEM_V 123, SCIE_V 001 and one of MATH_V 200, MATH_V 217, MATH_V 226, MATH_V 253."
CHEM_V 313,Advanced Organic Chemistry for the Life Sciences,Chemistry of organic substances having particular relevance to the life sciences. [3-0-0] Prerequisite: CHEM 213.
CHEM_V 315,Chemistry Integrated Laboratory I,"Principles and techniques of modern chemistry applied by integrating experiments chosen from organic, inorganic, physical, and analytical chemistry. [0-4-0] Prerequisite: One of CHEM 211, CHEM 215 and all of CHEM 213, CHEM 245."
CHEM_V 318,Principles of Catalysis,"Fundamental aspects of chemical catalysis: kinetic models; catalytic processes in biochemistry and industry; emerging topics in catalysis. [3-0-0]. Prerequisite: One of CHEM_V 218, CHEM_V 250.This course is not eligible for Credit/D/Fail grading."
CHEM_V 319,Practical Skills for Chemical Research,"The nature of scientific research; practical skills for chemical research; communicating science. Restricted to Honours students with third year standing and, with permission of the department Head, to Major students with satisfactory third year standing. [1-0-0.5].This course is not eligible for Credit/D/Fail grading."
CHEM_V 325,Integrated Chemistry Laboratory I,"Principles and techniques of modern chemistry applied by integrating experiments chosen from organic, inorganic, physical, and analytical chemistry. Open only to students in Chemistry specializations. [0-8-0] Prerequisite: One of CHEM 211, CHEM 215 and all of CHEM 208, CHEM 213, CHEM 245."
CHEM_V 327,Introduction to Materials Chemistry,"Basic principles of materials chemistry: classification; nomenclature; synthetic methods; characterization. [3-0-0]. Prerequisite: One of CHEM_V 208, CHEM_V 250 and one of CHEM_V 203, CHEM_V 223, CHEM_V 233, CHEM_V 260.This course is not eligible for Credit/D/Fail grading."
CHEM_V 329,Research Ethics and Data Analysis Skills,"Research ethics; data analysis skills for chemical research. Restricted to Honours students with third year standing and, with permission of the department Head, to Major students with satisfactory third year standing. [1-0-0.5].This course is not eligible for Credit/D/Fail grading."
CHEM_V 330,Advanced Organic Chemistry,"Application of carbonyl group chemistry, cyclization reactions, conformational analysis and rearrangement reactions in organic synthesis. [3-0-0] Prerequisite: CHEM 213."
CHEM_V 335,Chemistry Integrated Laboratory II,"Further development of principles and techniques of modern chemistry applied by integrating experiments chosen from organic, inorganic, physical, and analytical chemistry. [0-4-0] Prerequisite: CHEM 315."
CHEM_V 341,Global Challenges: A Chemical Perspective,"Importance of chemistry in society. Detailed case studies drawn from modern chemistry: human health, energy, commodity chemicals, materials, green chemistry, agriculture. [3-0-0] Prerequisite: one of CHEM_V 203, CHEM_V 211, CHEM_V 223, CHEM_V 233, CHEM_V 260."
CHEM_V 345,Integrated Chemistry Laboratory II,"Further development of principles and techniques of modern chemistry applied by integrating experiments chosen from organic, inorganic, physical, and analytical chemistry. Open only to students in Chemistry Major or Honours specializations. [0-8-0] Prerequisite: CHEM_V 325."
CHEM_V 355,Chemistry Integrated Laboratory,"Principles and techniques of modern chemistry for students in Combined Major in Science or a Minor in Chemistry integrating experiments from organic, inorganic, physical and analytical chemistry. [0-4-0] Prerequisite: One of CHEM 203, CHEM 211, CHEM 235."
CHEM_V 398,Co-operative Work Placement I,Approved and supervised technical work experience in an industrial research setting for a minimum of 3.5 months. Taken during the winter term of the third year. Technical report required. Restricted to students admitted to the Co-operative Education Program in Chemistry.This course is not eligible for Credit/D/Fail grading.
CHEM_V 399,Co-operative Work Placement II,Approved and supervised technical work experience in an industrial research setting for a minimum of 3.5 months. Taken during the summer following the third year. Technical report required. Restricted to students admitted to the Co-operative Education Program in Chemistry. Prerequisite: CHEM_V 398.This course is not eligible for Credit/D/Fail grading.
CHEM_V 401,Principles of Spectroscopy,"Rotational, vibrational, electronic and magnetic resonance spectroscopy and associated techniques; group theory. [3-0-0] Prerequisite: One of MATH_V 111, MATH_V 131, MATH_V 152, MATH_V 221, MATH_V 223 and one of CHEM_V 312, PHYS_V 304."
CHEM_V 402,Diffraction Methods,"Crystal structures; point and space groups; X-ray diffraction, neutron diffraction, electron diffraction of gases and surfaces. Credit will be granted for only one of CHEM 402 or CHEM 514. [3-0-0] Prerequisite: CHEM 208."
CHEM_V 403,Surface Chemistry and Surface Analysis,"Surfaces and phenomena occurring at surfaces and interfaces: adsorption, thermodynamic treatments, technological applications. Methods for characterization and modification of surfaces. Dynamic electrochemistry and its application to understanding fuel cells. [3-0-0] Prerequisite: CHEM_V 304 and one of MATH_V 200, MATH_V 217, MATH_V 226, MATH_V 253."
CHEM_V 404,Computational Chemistry,"Application of numerical techniques to study chemical systems; molecular simulation. Prior computer programming experience is not required. [3-0-1]. Prerequisite: Either (a) SCIE_V 001 or (b) one of CHEM_V 123, CHEM_V 130, CHEM_V 154 and one of PHYS_V 106, PHYS_V 107, PHYS_V 108, PHYS_V 117, PHYS_V 118, PHYS_V 170 and one of MATH_V 101, MATH_V 103, MATH_V 105, MATH_V 121 and Third-year standing.This course is not eligible for Credit/D/Fail grading."
CHEM_V 405,Biophysical Chemistry,"Interactions of macromolecules in solution: ligand, antibody and ion binding to macromolecules; thermodynamics of polymer solutions; excluded volume effects; phase separation; partition in two phase polymer solutions. [3-0-0] Prerequisite: One of CHEM 304, CHEM 305, PHYS 203."
CHEM_V 406,Polymer Chemistry,"Structure and availability of monomers; Propagation mechanisms; synthesis of polymers with predetermined properties; measurement and interpretation of physical properties of polymers. [3-0-0] Prerequisite: One of CHEM 213, CHEM 260 and one of CHEM 205, CHEM 304, CHBE 220."
CHEM_V 407,Statistical Mechanics in Chemistry,"Introductory concepts of statistical mechanics and statistical thermodynamics. Applications to chemistry with emphasis on understanding chemical reactivity. Credit will be granted for only one of CHEM 503/CHEM 407 or PHYS 455. [3-0-0] Prerequisite: One of CHEM 304, PHYS 203."
CHEM_V 408,Chemical Dynamics,"Macroscopic and microscopic kinetics; photochemistry; theory of reaction rates; reaction cross sections, energy distributions, experimental methods. Credit will be granted for only one of CHEM 408 or CHEM 508. [3-0-0] Prerequisite: One of CHEM 304, PHYS 203 and one of CHEM 312, PHYS 304."
CHEM_V 409,Astrochemistry,"Application of physical chemistry concepts and principles to the study of molecules in interstellar media and celestial bodies. Credit will be granted for only one of CHEM 409 or CHEM 509. [3-0-0] Prerequisite: One of CHEM 312, PHYS 304. Students with CHEM 205 with a minimum grade of 76% may be admitted with permission of the instructor."
CHEM_V 410,Properties of Materials,"Electromagnetic, optical, thermal and mechanical properties, and chemical reactivity of solids; electrons in periodic systems: bands, zones; excitations: excitons, phonons, plasmons, polaritons; crystalline order and disorder; ionic conductivity. Credit will be granted for only one of CHEM 410 or CHEM 502. [3-0-0] Prerequisite: One of CHEM 304, PHYS 203 and one of CHEM 312, PHYS 304."
CHEM_V 411,Synthesis and Chemistry of Natural Products,"Methods and tactics for the synthesis of biologically active natural products and analogs, particularly alkaloids, polyketides, steroids and terpenes. Credit will be granted for only one of CHEM 411 or CHEM 566. [3-0-0] Prerequisite: CHEM 460."
CHEM_V 412,Electronic Structure of Atoms and Molecules,"Introduction to variational methods; many-electron systems; semi-empirical methods; perturbation theory; computational methods. [3-0-0] Prerequisite: One of CHEM_V 312, PHYS_V 304 and one of MATH_V 111, MATH_V 131, MATH_V 152, MATH_V 221, MATH_V 223."
CHEM_V 413,Bioorganic Chemistry,"Enzyme catalysis; mechanistic enzymology; chemistry of cofactors; biosynthetic transformations; natural product biosynthesis; topics in chemical biology. Credit will be granted for only one of CHEM_V 413, CHEM_V 569, or BIOC_V 403. [3-0-0] Prerequisite: One of CHEM_V 313, CHEM_V 330."
CHEM_V 414,Coordination Chemistry of the Transition Elements,Molecular and electronic structures and reactivities of coordination compounds of the transition elements. Credit will be granted for only one of CHEM 414 or CHEM 525. [3-0-0] Prerequisite: CHEM 218.
CHEM_V 416,Physical and Theoretical Organic Chemistry,"Energetics and catalysis in organic reactions. Pericyclic reactions. Substituent effects. Linear free energy relationships. Credit will be granted for only one of CHEM_V 416 or CHEM_V 563. [3-0-0] Prerequisite: One of CHEM_V 313, CHEM_V 330."
CHEM_V 417,Nuclear Chemistry and Radiochemistry,"Basic treatment of the nucleus, with analogy to concepts in chemistry. Nuclear stabilities and associated radioactive decay processes. Nuclear structure. Applications of radioisotopes in chemistry. The interaction of radiation with matter. [3-0-0] Prerequisite: One of CHEM 123, CHEM 130. and Third year standing. CHEM 312 is recommended."
CHEM_V 418,Organometallic Chemistry,The chemistry of compounds containing organic groups directly bonded to metals and metalloids. Emphasis will be placed on the structure and bonding of the compounds and their use in synthetic chemistry. Credit will be granted for only one of CHEM 418 or CHEM 524. [3-0-0] Prerequisite: CHEM 318.
CHEM_V 419,Establishing a Career in Chemical Research,"Current research and career perspectives in chemistry. Restricted to Honours students with fourth year standing and, with permission of the department Head, to Major students with satisfactory fourth year standing. [1-0-0.5].This course is not eligible for Credit/D/Fail grading."
CHEM_V 427,Applications of Materials Chemistry,"Contemporary materials chemistry, including design and synthesis of materials for energy, electronics, and health applications. [3-0-0] Prerequisite: CHEM 327."
CHEM_V 430,Developments in Contemporary Chemistry,A review of modern developments in general chemistry for teachers of Secondary School chemistry (Not for credit in the Faculty of Science). Course is offered periodically in extra-sessional sessions.
CHEM_V 434,Principles of Chemical Separation,Unified theory of separation science; liquid and gas chromatography; capillary electrophoresis; electrochemical and spectroscopic detection; separation methods coupled with mass spectrometry and tandem mass spectrometry; biochemical applications. Credit will be granted for only one of CHEM 434 or CHEM 534. [3-0-0] Prerequisite: CHEM 311.
CHEM_V 435,Bio-Inorganic Chemistry,"A discussion of the involvement of inorganic chemistry in biological systems. Chemistry of cations, metalloenzymes, and simpler model systems. Reactions of coordinated ligands, chemistry of sulfur and phosphorus. Credit will be granted for only one of CHEM 435 or CHEM 526. [3-0-0] Prerequisite: All of CHEM 218, CHEM 304."
CHEM_V 445,Projects in Experimental Chemistry,"Principles of experimental design, practice and problem solving in chemistry, including the opportunity to pursue projects in a research setting. Students cannot take both CHEM_V 445 and CHEM_V 449. [0-8-0] Prerequisite: One of CHEM_V 345, CHEM_V 335. Students satisfying the prerequisite requirement using CHEM_V 335 must have 4th-year class standing in a Chemistry Combined Major specialization."
CHEM_V 448,Directed Studies in Chemistry,Students will undertake an investigation of a specific topic as agreed upon by the student and the faculty supervisor. Open to third- and fourth-year chemistry students.
CHEM_V 449,Seminar and Thesis,Original research work under the direction of a faculty member. Weekly seminar. Required of all Honours students. Open to Majors students with a satisfactory standing and permission of the department head. Students cannot take both CHEM_V 445 and CHEM_V 449. Prerequisite: Students will have completed their Year 3 laboratory requirements as outlined in their specialization.
CHEM_V 460,Organic Synthesis: A Mechanistic Approach,"Presentation, mechanistic discussion and analysis of modern synthetic methods using principles of physical organic chemistry. Credit will be granted for only one of CHEM 460 or CHEM 560. [3-0-0] Prerequisite: CHEM 330."
CHEM_V 461,Synthetic Chemical Biology,"Synthetic, mechanistic, and biochemical approaches to chemical biology, including the design of drugs, probes, and catalysts. Credit will be granted for only one of CHEM_V 461 or CHEM_V 561. [3-0-0]. Prerequisite: One of CHEM_V 313, CHEM_V 330.This course is not eligible for Credit/D/Fail grading."
CHEM_V 473,Structure Determination and Reaction Analysis,"Application of mass spectrometry and modern spectroscopic techniques, including multidimensional NMR spectroscopy, to reaction analysis and detailed characterization of complex organic and organometallic molecular structures. [3-0-0] Prerequisite: CHEM 245 and one of CHEM 313, CHEM 318, CHEM 330."
CHEM_V 488,Topics in Chemistry,Selected topics in a specific area of Chemistry. May be taken more than once for credit with permission of the Department. [3-0-0] Prerequisite: Third-year standing in a Chemistry specialization and permission of the Department.
CHEM_V 498,Co-operative Work Placement III,Approved and supervised technical work experience in an industrial research setting for a minimum of 3.5 months. Taken during the summer following fourth year. Technical report required. Restricted to students admitted to the Co-operative Education Program in Chemistry. Prerequisite: CHEM_V 399.This course is not eligible for Credit/D/Fail grading.
CHEM_V 499,Co-operative Work Placement IV,Approved and supervised technical work experience in an industrial research setting for a minimum of 3.5 months. Taken during the fall term of the fifth year. Technical report required. Restricted to students admitted to the Co-operative Education Program in Chemistry. Prerequisite: [CHEM498]
CHEM_V 501,Applications of Quantum Mechanics in Chemistry,This course is not eligible for Credit/D/Fail grading.
CHEM_V 502,Advanced Physical Chemistry of the Solid State,Credit will be granted for only one of CHEM_V 502 or CHEM_V 410.This course is not eligible for Credit/D/Fail grading.
CHEM_V 503,Equilibrium Statistical Mechanics in Chemistry,"Introductory principles of Statistical Mechanics with illustrations of chemical importance. Applications to molecular gases, liquids, solids, independent particle statistics, electric and magnetic moments, radiation, chemical equilibrium and reaction rates. Credit will be granted for only one of CHEM_V 407, CHEM_V 503 or PHYS_V 455.This course is not eligible for Credit/D/Fail grading."
CHEM_V 506,Polymer Chemistry,Credit will be granted for only one of CHEM_V 506 or CHEM_V 406.This course is not eligible for Credit/D/Fail grading.
CHEM_V 507,Topics in Physical and Theoretical Chemistry,This course is not eligible for Credit/D/Fail grading.
CHEM_V 508,Chemical Kinetics and Reaction Dynamics,"Macroscopic and microscopic kinetics; transition state theory; collision theory and reaction cross section, energy distributions, molecular beams and experimental techniques. Credit will be granted for only one of CHEM 408_V or CHEM_V 508.This course is not eligible for Credit/D/Fail grading."
CHEM_V 509,Astrochemistry,Credit will be granted for only one of CHEM 509 or CHEM 409. [3-0-0]This course is not eligible for Credit/D/Fail grading.
CHEM_V 512,Advanced Electronic Structure Theory,This course is not eligible for Credit/D/Fail grading.
CHEM_V 513,Surface Chemistry,"Chemistry of the solid-gas interface: Modern methods for investigation of the structure of solid surfaces and interactions between solid surfaces and gases. Theory of adsorption, surface reactivity, and heterogeneous catalysis.This course is not eligible for Credit/D/Fail grading."
CHEM_V 514,Crystal Structures,Crystal structures and structural analysis by the methods of X-ray diffraction and neutron diffraction. Credit will be granted for only one of CHEM_V 402 or CHEM_V 514.This course is not eligible for Credit/D/Fail grading.
CHEM_V 516,Topics in Biophysical Chemistry,This course is not eligible for Credit/D/Fail grading.
CHEM_V 517,Electrochemistry,This course is not eligible for Credit/D/Fail grading.
CHEM_V 518,Topics in Magnetic Resonance,This course is not eligible for Credit/D/Fail grading.
CHEM_V 519,Topics in Molecular Spectroscopy,This course is not eligible for Credit/D/Fail grading.
CHEM_V 521,Topics in Inorganic Chemistry,This course is not eligible for Credit/D/Fail grading.
CHEM_V 524,Advanced Applications in Organometallic Chemistry,Credit will be granted for only one of CHEM_V 418 or CHEM_V 524.This course is not eligible for Credit/D/Fail grading.
CHEM_V 525,Advanced Coordination Chemistry,Credit will be granted for only one of CHEM_V 525 or CHEM_V 414.This course is not eligible for Credit/D/Fail grading.
CHEM_V 526,Bioinorganic Chemistry,Inorganic aspects of biological chemistry; emphasis on the role of metal ions and metalloenzymes. Credit will be granted for only one of CHEM_V 526 or CHEM_V 435.This course is not eligible for Credit/D/Fail grading.
CHEM_V 527,Nanomaterials,This course is not eligible for Credit/D/Fail grading.
CHEM_V 528,Nanomaterials Characterization,This course is not eligible for Credit/D/Fail grading.
CHEM_V 529,Structural Methods in Inorganic Chemistry,"NMR, ESR, mass spectrometry, photoelectron spectroscopy (Auger, UV, X-Ray), Mossbauer spectroscopy, electrochemistry.This course is not eligible for Credit/D/Fail grading."
CHEM_V 533,Bioanalytical Chemistry,This course is not eligible for Credit/D/Fail grading.
CHEM_V 534,Principles of Chemical Separation,Credit will be granted for only one of CHEM_V 534 or CHEM_V 434.This course is not eligible for Credit/D/Fail grading.
CHEM_V 535,Topics in Analytical Chemistry,This course is not eligible for Credit/D/Fail grading.
CHEM_V 540,Seminar in Chemistry,Pass/Fail.This course is not eligible for Credit/D/Fail grading.
CHEM_V 548,Research Conference,Attendance is compulsory for all graduate students in each year of registration for the M.Sc. or Ph.D. in chemistry. No credit value.This course is not eligible for Credit/D/Fail grading.
CHEM_V 549,M.Sc. Thesis,This course is not eligible for Credit/D/Fail grading.
CHEM_V 560,Organic Chemistry: Building Molecules and Understanding Reactivity,Credit will be granted for only one of CHEM_V 460 or CHEM_V 560.This course is not eligible for Credit/D/Fail grading.
CHEM_V 561,Advanced Chemical Biology,Credit will be granted for only one of CHEM_V 461 and CHEM_V 561.This course is not eligible for Credit/D/Fail grading.
CHEM_V 563,Advanced Physical Organic Chemistry,"Discussion of acidity functions, photochemistry and reactive intermediates in organic chemistry. Applications of molecular orbital theory to organic systems. Credit will be granted for only one of CHEM_V 563 or CHEM_V 416.This course is not eligible for Credit/D/Fail grading."
CHEM_V 566,Advanced Organic Synthesis,Discussion of modern synthetic methods and applications to the synthesis of complex organic molecules. Credit will be granted for only one of CHEM_V 566 or CHEM_V 411.This course is not eligible for Credit/D/Fail grading.
CHEM_V 568,Topics in Organic Chemistry,This course is not eligible for Credit/D/Fail grading.
CHEM_V 569,Advanced Bioorganic Chemistry,"Credit will be granted for only one of CHEM_V 569, CHEM_V 413, or BIOC_V 403.This course is not eligible for Credit/D/Fail grading."
CHEM_V 573,Application of Spectroscopy to Organic Structural Determinations,"A problem solving course to illustrate the application of NMR, mass spectrometry, ORD, CD, etc. to elucidation of structures of organic and organometallic compounds.This course is not eligible for Credit/D/Fail grading."
CHEM_V 588,Topics in Chemistry,This course is not eligible for Credit/D/Fail grading.
CHEM_V 649,Doctoral Dissertation,This course is not eligible for Credit/D/Fail grading.
COGS_V 200,Introduction to Cognitive Systems,"Interdisciplinary examination of human mental processes and how these are mediated by the brain. Will draw on cognitive psychology, linguistics, cognitive neuroscience, philosophy, artificial intelligence. [3-0-0] Prerequisite: 2nd-year class standing or higher in the Faculty of Arts or Science."
COGS_V 300,Understanding and Designing Cognitive Systems,"Theory and methods for integrating diverse disciplinary content in cognitive systems. Students who have earned four credits from COGS_V 300A may take COGS_V 300B for a further four credits, and vice versa. [3-2-0] Prerequisite: COGS_V 200; CPSC_V 110 or CPSC_V 103."
COGS_V 303,Research Methods in Cognitive Systems,Examination and comparison of the research methodologies of different disciplines relevant to cognitive systems. [3-0-0] Prerequisite: COGS 200.
COGS_V 401,Seminar in Cognitive Systems,"Interdisciplinary seminar integrating theory, methods, and current research topics. [1-0-4] Prerequisite: COGS 300."
COGS_V 402,Research in Cognitive Systems,Supervised research project in a Cognitive Systems-related laboratory. [0-9-0] Prerequisite: COGS 300. COGS 401 is recommended.
CPSC_V 100,Computational Thinking,"Meaning and impact of computational thinking. Solving problems using computational thinking, testing, debugging. How computers work. No prior computing experience required. Not for students with existing credit for or exemption from CPSC 107, CPSC 110 or APSC 160. [3-1-0]"
CPSC_V 103,Introduction to Systematic Program Design,"Computation as a tool for systematic problem solving in non-computer-science disciplines. Introductory programming skills. Not for credit for students who have credit for, or exemption from, or are concurrently taking CPSC 110 or APSC 160. No programming experience expected. [3-0-1]"
CPSC_V 107,Systematic Program Design,Fundamental computation and program structures. Continuing systematic program design from CPSC 103. [3-2-0] Prerequisite: CPSC 103.
CPSC_V 110,"Computation, Programs, and Programming","Fundamental program and computation structures. Introductory programming skills. Computation as a tool for information processing, simulation and modelling, and interacting with the world. [3-3-0]"
CPSC_V 121,Models of Computation,"Physical and mathematical structures of computation. Boolean algebra and combinations logic circuits; proof techniques; functions and sequential circuits; sets and relations; finite state machines; sequential instruction execution. [3-2-1] Prerequisite: Principles of Mathematics 12 or Pre-calculus 12. Corequisite: One of CPSC 107, CPSC 110."
CPSC_V 203,"Programming, Problem Solving, and Algorithms","Analysis of increasingly complex algorithmic problems, using a modern programming language and a variety of approaches. Problem decomposition and abstraction guide explorations of topics from applied algorithms, for example Voronoi Diagrams, Markov Chains, Bin Packing, and Graph Search. Not for students with credit for, or currently enrolled in, CPSC 210 or CPEN 221. [3-0-1] Prerequisite: One of CPSC 103, CPSC 110, APSC 160, EOSC 211, MATH 210, PHYS 210, COMM 337."
CPSC_V 210,Software Construction,"Design, development, and analysis of robust software components. Topics such as software design, computational models, data structures, debugging, and testing. [3-2-0] Prerequisite: One of CPSC 107, CPSC 110."
CPSC_V 213,Introduction to Computer Systems,"Software architecture, operating systems, and I/O architectures. Relationships between application software, operating systems, and computing hardware; critical sections, deadlock avoidance, and performance; principles and operation of disks and networks. [3-3-0] Prerequisite: All of CPSC 121, CPSC 210."
CPSC_V 221,Basic Algorithms and Data Structures,"Design and analysis of basic algorithms and data structures; algorithm analysis methods, searching and sorting algorithms, basic data structures, graphs and concurrency. [3-2-0] Prerequisite: One of CPSC_V 210, CPEN_V 221 and either (a) one of CPSC_V 121, MATH_V 220, MATH_O 220 or (b) a score of 68% or higher in MATH_V 226."
CPSC_V 259,Data Structures and Algorithms for Electrical Engineers,"Advanced procedural programming. Fundamental algorithms for sorting and searching. Data structures including lists, trees, and hash tables. Introduction to scripting languages and file input/output. [3-2-0] Prerequisite: APSC 160."
CPSC_V 298,Co-operative Work Placement I,Approved and supervised technical work experience in the computing industry for a minimum of 3.5 months. Normally taken during Winter Session of second year. Technical report required. Restricted to students admitted to the Co-operative Education Program in Computer Science.This course is not eligible for Credit/D/Fail grading.
CPSC_V 299,Co-operative Work Placement II,Approved and supervised technical work experience in the computing industry for a minimum of 3.5 months. Normally taken during the summer following the second year. Technical report required. Restricted to students admitted to the Co-operative Education. Prerequisite: CPSC_V 298.This course is not eligible for Credit/D/Fail grading.
CPSC_V 302,Numerical Computation for Algebraic Problems,"Numerical techniques for basic mathematical processes involving no discretization, and their analysis. Solution of linear systems, including analysis of round-off errors; norms and condition number; introduction to iterative techniques in linear algebra, including eigenvalue problems; solution to nonlinear equations. [3-0-0] Prerequisite: One of CPSC 103, CPSC 110, CPEN 221, EOSC 211, PHYS 210 and one of MATH 101, MATH 103, MATH 105, MATH 121, SCIE 001 and one of MATH 152, MATH 221, MATH 223."
CPSC_V 303,Numerical Approximation and Discretization,"Numerical techniques for basic mathematical processes involving discretization, and their analysis. Interpolation and approximation, including splines and least squares data fitting; numerical differentiation and integration; introduction to numerical initial value ordinary differential equations. [3-0-0] Prerequisite: One of CPSC 103, CPSC 110, CPEN 221, EOSC 211, PHYS 210 and one of MATH 101, MATH 103, MATH 105, MATH 121, SCIE 001 and one of MATH 152, MATH 221, MATH 223."
CPSC_V 304,Introduction to Relational Databases,"Overview of database systems, ER models, logical database design and normalization, formal relational query languages, SQL and other commercial languages, data warehouses, special topics. [3-0-1] Prerequisite: CPSC_V 221 or DSCI_V 221."
CPSC_V 310,Introduction to Software Engineering,"Specification, design, validation, evolution and construction of modern software systems, within the context of socially and professionally relevant domains such as ethics, intellectual property, and information security. [3-2-0] Prerequisite: All of CPSC 213, CPSC 221."
CPSC_V 311,Definition of Programming Languages,"Comparative study of advanced programming language features. Statement types, data types, variable binding, parameter passing mechanisms. Methods for syntactic and semantic description of programming languages. [3-0-1] Prerequisite: CPSC 210."
CPSC_V 312,Functional and Logic Programming,"Principles of symbolic computing, using languages based upon first-order logic and the lambda calculus. Algorithms for implementing such languages. Applications to artificial intelligence and knowledge representation. [3-0-0] Prerequisite: One of CPSC 210, CPEN 221."
CPSC_V 313,Computer Hardware and Operating Systems,"Instruction sets, pipelining, code optimization, caching, virtual memory management, dynamically linked libraries, exception processing, execution time of programs. [3-0-1] Prerequisite: CPSC_V 213 and either CPSC_V 221 or DSCI_V 221."
CPSC_V 314,Computer Graphics,"Human vision and colour; geometric transformations; algorithms for 2-D and 3-D graphics; hardware and system architectures; shading and lighting; animation. [3-1-0] Prerequisite: CPSC_V 221 and one of MATH_V 200, MATH_V 217, MATH_V 226, MATH_V 253, MATH_O 200 and one of MATH_V 152, MATH_V 221, MATH_V 223, MATH_O 222."
CPSC_V 317,Introduction to Computer Networking,"Computer networking, basic communication protocols, network infrastructure and routing. Common application-level protocols and principles associated with developing distributed applications. [3-0-1] Prerequisite: CPSC_V 213 and either CPSC_V 221 or DSCI_V 221."
CPSC_V 319,Software Engineering Project,"The design, implementation, and test of a large software system, using a team approach. [3-0-2] Prerequisite: CPSC 310."
CPSC_V 320,Intermediate Algorithm Design and Analysis,"Systematic study of basic concepts and techniques in the design and analysis of algorithms, illustrated from various problem areas. Topics include models of computation; choice of data structures; and graph-theoretic, algebraic, and text processing algorithms. [3-0-1] Prerequisite: All of (a) CPSC_V 221 or DSCI_V 221, (b) at least 3 credits from MATH_V or STAT_V at 200 level or above or MATH_O 200, MATH_O 220, MATH_O 222, MATH_O 225, MATH_O 307, STAT_O 121, STAT_O 203, STAT_O 205, STAT_O 230, STAT_O 303 or any course on the STAT_V 200 credit exclusion:https://vancouver.calendar.ubc.ca/faculties-colleges-and-schools/facult…or HES_O 340, HMKN_O 205, POLI_O 400, PSYO_O 271, STAT_O 124."
CPSC_V 322,Introduction to Artificial Intelligence,Problem-solving and planning. State/action models and graph searching. Natural language understanding. Computational vision. Applications of artificial intelligence. [3-0-0] Prerequisite: Either CPSC_V 221 or DSCI_V 221. Equivalency: AI_V 322.
CPSC_V 330,Applied Machine Learning,"Application of machine learning tools, with an emphasis on solving practical problems. Data cleaning, feature extraction, supervised and unsupervised machine learning, reproducible workflows, and communicating results. [3-0-1] Prerequisite: Either (a) one of CPSC_V 203, CPSC_V 210, CPEN_V 221, DSCI_V 221 or (b) MATH_V 210 and one of CPSC_V 107, CPSC_V 110."
CPSC_V 337,Introduction to Computer Security,"Fundamentals of computer security and privacy. Cryptography, network security, and application security. Security assessments, problem diagnosis, defensive strategies. Impacts and outcomes of security design decisions. [3-1-0] Prerequisites: CPSC_V 213."
CPSC_V 340,Machine Learning and Data Mining,"Models of algorithms for dimensionality reduction, nonlinear regression, classification, clustering and unsupervised learning; applications to computer graphics, computer games, bio-informatics, information retrieval, e-commerce, databases, computer vision and artificial intelligence. [3-0-1] Prerequisite: All of (a) one of CPSC_V 221, DSCI_V 221 (b) one of MATH_V 152, MATH_V 221, MATH_V 223, MATH_O 222 (c) one of MATH_V 200, MATH_V 217, MATH_V 226, MATH_V 253, MATH_V 254, MATH_O 200 (d) one of STAT_V 241, STAT_V 251, ECON_V 325, ECON_V 327, MATH_V 302, STAT_V 302, MATH_V 318, STAT_O 302."
CPSC_V 344,Introduction to Human Computer Interaction Methods,"Basic tools and techniques, teaching a systematic approach to interface design, task analysis, analytic and empirical evaluation methods. [2-2-2] Prerequisite: One of CPSC 210, CPEN 221."
CPSC_V 349,Honours Research Seminar,"Students will attend a series of research seminars presented by faculty members, produce a thesis proposal, and choose their honours thesis supervisor. Available to Honours students. Majors students with satisfactory standing may also be permitted to enrol. [1-0-0]This course is not eligible for Credit/D/Fail grading."
CPSC_V 368,Databases in Data Science,"Overview of relational and non-relational database systems, role and usage of a database when querying data, data modelling, query languages, and query optimization. [3-0-1] Prerequisite: One of CPSC_V 203, CPSC_V 210, CPEN_V 221, DSCI_V 221."
CPSC_V 398,Co-operative Work Placement III,Approved and supervised technical work experience in the computing industry for a minimum of 3.5 months. Normally taken during the summer following the third year. Technical report required. Restricted to students admitted to the Co-operative Education Program in Computer Science.This course is not eligible for Credit/D/Fail grading.
CPSC_V 399,Co-operative Work Placement IV,Approved and supervised technical work experience in the computing industry for a minimum of 3.5 months. Normally taken during the fall term of the fourth year. Technical report required. Restricted to students admitted to the Co-operative Education Program in Computer Science.This course is not eligible for Credit/D/Fail grading.
CPSC_V 402,Numerical Linear Algebra,"Investigation of the practical techniques of computational linear algebra. Orthogonal transformations and their application to the solution of linear equations, the eigenproblem, and linear least squares. Complete solution of the symmetric eigenproblem, including bisection and the QR method. Refinements of these techniques for sparse matrices. [3-0-0] Prerequisite: One of CPSC 302, CPSC 303, MATH 307."
CPSC_V 404,Advanced Relational Databases,"Physical database design, indexing, external mergesort, relational query processing and optimization, transaction processing, concurrency control, crash recovery, special topics. [3-0-0] Prerequisite: CPSC 304 and one of CPSC 213, CPSC 261, CPEN 212."
CPSC_V 406,Computational Optimization,"Formulation and analysis of algorithms for continuous and discrete optimization problems; linear, nonlinear, network, dynamic, and integer optimization; large-scale problems; software packages and their implementation; duality theory and sensitivity. [3-0] Prerequisite: One of CPSC 302, CPSC 303, MATH 307."
CPSC_V 410,Advanced Software Engineering,"Specification, design, construction and validation of multi-version software systems. [3-0-0] Prerequisite: Either (a) CPSC 310 or (b) all of CPEN 321, CPEN 331."
CPSC_V 411,Introduction to Compiler Construction,"A practical introduction to lexical analysis, syntactic analysis, type-checking, code generation and optimization. This will be used to design and implement a compiler for a small language. [3-0-0] Prerequisite: All of CPSC 213, CPSC 221, CPSC 311."
CPSC_V 415,Operating Systems Design and Implementation,"Team-based design and implementation of a complete operating system, with emphasis on applicability to modern hardware and the practical implementation of operating systems concepts. [2-1-2] Prerequisite: All of the following with a minimum grade of 76% in each of: (a) CPSC_V 310 or CPEN_V 321, (b) CPSC_V 313 or CPEN_V 331, and (c) CPSC_V 317 or ELEC_V 331."
CPSC_V 416,Distributed Systems,"Concepts and design of distributed systems. Communication architecture and models for interprocess communication. Process migration, naming, distributed file systems, fault tolerance, and concurrency control. [3-0-0] Prerequisite: One of CPSC 313, CPEN 331 and one of CPSC 317, ELEC 331."
CPSC_V 417,Computer Networking,"Network protocols and architecture including internetworking, the Internet, layered communication protocols, routing, flow and congestion control, network performance, wired and wireless data communication. [3-0] Prerequisite: All of CPSC_V 313, CPSC_V 317."
CPSC_V 418,Parallel Computation,"Algorithms, architectures, and programming paradigms for parallel computation. Shared memory, message passing, and data parallel architectures and programming models. Parallel algorithms including reduce, scan, and sorting networks. Reasoning about the correctness of parallel programs. Performance analysis and measurement for parallel programs. [3-0-0] Prerequisite: CPSC 320 and one of CPSC 261, CPSC 313, CPEN 212, CPEN 411."
CPSC_V 420,Advanced Algorithms Design and Analysis,The study of advanced topics in the design and analysis of algorithms and associated data structures. Topics include algorithms for graph-theoretic; algebraic and geometric problems; algorithms on nonsequential models; complexity issues; approximation algorithms. [3-0-0] Prerequisite: [CPSC320]
CPSC_V 421,Introduction to Theory of Computing,"Characterizations of computability (using machines, languages and functions). Universality, equivalence and Church's thesis. Unsolvable problems. Restricted models of computation. Finite automata, grammars and formal languages. [3-0-0] Prerequisite: One of CPSC 320 or MATH 220 or MATH 226."
CPSC_V 423,Natural Language Processing,"Fundamentals of data-driven natural language processing, including applications (machine translation, summarization, question answering), text representations (word embeddings, language models), and statistical and neural-network methods. [3-0-0] Prerequisites: Either CPSC_V 340 or both (a) one of AI_V 240, CPSC_V 330 and (b) one of STAT_V 200, STAT_V 251, ECON_V 325, ECON_V 327, MATH_V 302, STAT_V 302, MATH_V 318."
CPSC_V 424,Geometric Modelling,"Digital representation of curves and surfaces, including splines, subdivision surfaces and meshes. Principles, algorithms and mathematical foundations for geometry representation in computer graphics, computer vision, fabrication, CAD/CAM, and medical imaging. Algorithms for acquisition, creation, representation, and processing of 3D shapes. [3-0-1] Prerequisite: One of MATH 152, MATH 221, MATH 223 and one of MATH 200, MATH 217, MATH 226, MATH 253."
CPSC_V 425,Computer Vision,"Introduction to the processing and interpretation of images. Image sensing, sampling, and filtering. Algorithms for colour analysis, texture description, stereo imaging, motion interpretation, 3D shape recovery, and recognition. [3-0-0] Prerequisite: CPSC_V 221 and one of MATH_V 200, MATH_V 217, MATH_V 226, MATH_V 253, MATH_V 254 and one of MATH_V 111, MATH_V 131, MATH_V 152, MATH_V 221, MATH_V 223."
CPSC_V 426,Computer Animation,"Motion in computer graphics for characters and their environments. Keyframing, inverse kinematics, particle systems, rigid body dynamics, contact and collision, controller-based active motion, motion capture. [3-0-0] Prerequisite: CPSC 314."
CPSC_V 427,Video Game Programming,"Video game programming techniques and technologies, including rendering, animation, interaction, game AI, real-time software development for games; start-to-finish simple video-game design and implementation. [1.5–1.5-1] Prerequisites: CPSC_V 314 and one of MATH_V 200, MATH_V 217, MATH_V 226, MATH_V 253 and one of MATH_V 152, MATH_V 221, MATH_V 223."
CPSC_V 430,Computers and Society,"Impact of computer technology on society; historical perspectives; social and economic consequences of large-scale information processing systems and automatic control; legal and ethical problems in computer applications. Computers and the individual: machine versus human capabilities, fact and fancy; problematic interface between man and machine. [3-0-0] Prerequisite: 3 credits of Computer Science and at least third-year standing."
CPSC_V 436,Topics in Computer Science,"Selected topics in a specific area within Computer Science. May be taken more than once for credit with permission of the department. Prerequisite: Third-year standing in a Computer Science or Computer Engineering specialization, and permission of the department."
CPSC_V 440,Advanced Machine Learning,"Advanced machine learning techniques focusing on probabilistic models. Deep learning and differentiable programming, exponential families and Bayesian inference, probabilistic graphical models and other generative models, Monte Carlo and variational inference methods. [3-0-1] Prerequisite: Either CPSC_V 340 or both (a) AI_V 240 and (b) one of STAT_V 251, ECON_V 325, ECON_V 327, MATH_V 302, STAT_V 302, MATH_V 318."
CPSC_V 444,Advanced Methods for Human Computer Interaction,"Design and evaluation methodologies and theories; formal models of the user including visual, motor, and information processing; advanced evaluation methods including laboratory experiments and field studies; HCI research frontiers. [2-2-2] Prerequisite: CPSC 344 and one of STAT 200, STAT 201, STAT 203, STAT 241, STAT 251, BIOL 300, COMM 291, ECON 325, ECON 327, FRST 231, GEOG 374, KIN 206, KIN 371, POLI 380, PSYC 218, PSYC 278, PSYC 366, SOCI 328."
CPSC_V 445,Algorithms in Bioinformatics,"Sequence alignment, phylogenetic tree reconstruction, prediction of RNA and protein structure, gene finding and sequence annotation, gene expression, and biomolecular computing. [3-0-0] Prerequisite: CPSC 320. and either BMEG 250 or six credits of BIOL beyond BIOL 111."
CPSC_V 447,Introduction to Visualization,"Design and implementation of static and interactive visualizations. Selection of appropriate visualization methods for given combinations of data type and intended analysis task. Assessment of visual representations according to design and perceptual principles. [3-0-0] Prerequisite: One of CPSC 310, CPEN 321."
CPSC_V 448,Directed Studies in Computer Science,"Open ordinarily to students in Computer Science with at least a 72% average and permission of the department. The course may consist of supervised reading, participation in a seminar, and one or more programming projects.This course is not eligible for Credit/D/Fail grading."
CPSC_V 449,Honours Thesis,"Under supervision of a faculty member, students investigate a research topic and prepare a thesis. Prerequisite: [CPSC349]"
CPSC_V 455,Applied Industry Practices,"Hands-on project, mentored by industry experts, integrating skills relevant to early career in the computing industry: technical skills, communication, teamwork, networking and portfolio building. [2.5-2-0] Prerequisite: One of CPSC 310, CPEN 321."
CPSC_V 490,Student Directed Seminars,"Self-directed, collaborative studies, in a group-learning environment, initiated and coordinated by senior undergraduate students with the supervision of a faculty advisor. Course structure, enrolment and delivery methods will comply with the Handbook for Student Directed Seminars. [3-0-0]"
CPSC_V 491,Interactive Digital Media Practicum,"Design and implementation of interactive digital media systems using modern processes and tools. Projects provided by external clients or vetted entrepreneurial pitches are developed by interdisciplinary teams composed of one CPSC_V 491 student and multiple Master of Digital Media students. Prerequisite: All of CPSC_V 221, CPSC_V 310, CPSC_V 344 and Third-year standing.This course is not eligible for Credit/D/Fail grading."
CPSC_V 499,Co-operative Work Placement V,Approved and supervised technical work experience in the computing industry for a minimum of 3.5 months. Normally taken during the summer following the fourth year. Technical report required. Restricted to students admitted to the Co-operative Education Program in Computer Science.This course is not eligible for Credit/D/Fail grading.
CPSC_V 500,Fundamentals of Algorithm Design and Analysis,This course is not eligible for Credit/D/Fail grading.
CPSC_V 501,"Theory of Automata, Formal Languages and Computability",This course is not eligible for Credit/D/Fail grading.
CPSC_V 502,Artificial Intelligence I,This course is not eligible for Credit/D/Fail grading.
CPSC_V 503,Computational Linguistics I,This course is not eligible for Credit/D/Fail grading.
CPSC_V 504,Data Management,This course is not eligible for Credit/D/Fail grading.
CPSC_V 505,Image Understanding I: Image Analysis,This course is not eligible for Credit/D/Fail grading.
CPSC_V 506,Complexity of Computation,This course is not eligible for Credit/D/Fail grading.
CPSC_V 507,Software Engineering,This course is not eligible for Credit/D/Fail grading.
CPSC_V 508,Operating Systems,This course is not eligible for Credit/D/Fail grading.
CPSC_V 509,Programming Language Principles,This course is not eligible for Credit/D/Fail grading.
CPSC_V 511,Implementation of Programming Languages,This course is not eligible for Credit/D/Fail grading.
CPSC_V 513,Introduction to Formal Verification and Analysis,This course is not eligible for Credit/D/Fail grading.
CPSC_V 514,Computer Graphics: Rendering,This course is not eligible for Credit/D/Fail grading.
CPSC_V 515,Computational Robotics,This course is not eligible for Credit/D/Fail grading.
CPSC_V 516,Computational Geometry,This course is not eligible for Credit/D/Fail grading.
CPSC_V 517,Sparse Matrix Computation,This course is not eligible for Credit/D/Fail grading.
CPSC_V 519,Logic Programming and Functional Programming,This course is not eligible for Credit/D/Fail grading.
CPSC_V 520,Numerical Solution of Differential Equations,This course is not eligible for Credit/D/Fail grading.
CPSC_V 521,Parallel Algorithms and Architectures,This course is not eligible for Credit/D/Fail grading.
CPSC_V 522,Artificial Intelligence II,This course is not eligible for Credit/D/Fail grading.
CPSC_V 524,Computer Graphics: Modelling,This course is not eligible for Credit/D/Fail grading.
CPSC_V 525,Image Understanding II: Scene Analysis,This course is not eligible for Credit/D/Fail grading.
CPSC_V 526,Computer Animation,This course is not eligible for Credit/D/Fail grading.
CPSC_V 527,Computer Communication Protocols,This course is not eligible for Credit/D/Fail grading.
CPSC_V 528,Topics in Software Engineering,This course is not eligible for Credit/D/Fail grading.
CPSC_V 529,Definition of Programming Languages,This course is not eligible for Credit/D/Fail grading.
CPSC_V 530,Topics in Information Processing,This course is not eligible for Credit/D/Fail grading.
CPSC_V 531,Topics in Theory of Computation,This course is not eligible for Credit/D/Fail grading.
CPSC_V 532,Topics in Artificial Intelligence,This course is not eligible for Credit/D/Fail grading.
CPSC_V 533,Topics in Computer Graphics,This course is not eligible for Credit/D/Fail grading.
CPSC_V 534,Topics in Data Management,This course is not eligible for Credit/D/Fail grading.
CPSC_V 535,Topics in Simulation and Optimization,This course is not eligible for Credit/D/Fail grading.
CPSC_V 536,Topics in Algorithms and Complexity,This course is not eligible for Credit/D/Fail grading.
CPSC_V 537,Topics in Coding and Information Theory,This course is not eligible for Credit/D/Fail grading.
CPSC_V 538,Topics in Computer Systems,This course is not eligible for Credit/D/Fail grading.
CPSC_V 539,Topics in Programming Languages,This course is not eligible for Credit/D/Fail grading.
CPSC_V 540,Machine Learning,This course is not eligible for Credit/D/Fail grading.
CPSC_V 541,Topics in Computer Security and Privacy,This course is not eligible for Credit/D/Fail grading.
CPSC_V 542,Topics in Numerical Computation,This course is not eligible for Credit/D/Fail grading.
CPSC_V 543,Physical User Interface Design and Evaluation,This course is not eligible for Credit/D/Fail grading.
CPSC_V 544,Human Computer Interaction,This course is not eligible for Credit/D/Fail grading.
CPSC_V 545,Algorithms for Bioinformatics,This course is not eligible for Credit/D/Fail grading.
CPSC_V 546,Numerical Optimization,This course is not eligible for Credit/D/Fail grading.
CPSC_V 547,Information Visualization,This course is not eligible for Credit/D/Fail grading.
CPSC_V 548,Directed Study,This course is not eligible for Credit/D/Fail grading.
CPSC_V 549,Master's Thesis,This course is not eligible for Credit/D/Fail grading.
CPSC_V 550,Machine Learning II,This course is not eligible for Credit/D/Fail grading.
CPSC_V 554,Topics in Human-Computer Interaction,This course is not eligible for Credit/D/Fail grading.
CPSC_V 564,Data Mining,This course is not eligible for Credit/D/Fail grading.
CPSC_V 589,M.Sc. Major Essay,This course is not eligible for Credit/D/Fail grading.
CPSC_V 590,Research Methods in Computer Science,This course is not eligible for Credit/D/Fail grading.
CPSC_V 649,Doctoral Dissertation,This course is not eligible for Credit/D/Fail grading.
CSPW_V 100,Coordinated Science Program Workshop,"Students participate in activities related to their CSP courses, including hands-on work, discussion and analysis of scientific topics. Graded Pass/Fail. [0-0-2]. Prerequisite: Registration in Coordinated Science Program.This course is not eligible for Credit/D/Fail grading."
DSCI_V 100,Introduction to Data Science,"Use of data science tools to summarize, visualize, and analyze data. Sensible workflows and clear interpretations are emphasized. [3-0-1]."
DSCI_V 200,"Navigating Data: Acquisition, Exploration and Management",Acquiring data through web scraping and generating synthetic data via simulations. Sampling and experimental designs. Reporting and visualizing data and data quality. Data privacy and ownership. Emphasis on case studies and real data sets. [3-0-0] Prerequisite: DSCI_V 100 or DATA_O 101.
DSCI_V 220,Discrete Mathematics for Data Science,"Boolean algebra and logical inference, proof techniques, sets, relations and functions, regular expressions, and data filtering. [3-2-0] Prerequisite: All of a) DSCI_V 100 or DATA_O 101; b) MATH_V 100, MATH_V 110, MATH_V 120, MATH_V 180, SCIE_V 001 or MATH_O 100; and c) CPSC_V 103 or CPSC_V 110."
DSCI_V 221,Data Structures for Data Science,"Object-oriented programming. Design and analysis of basic algorithms and data structures especially relevant to data science. Algorithm analysis methods, basic data structures, graphs and graph algorithms. [3-2-0] Prerequisite: (a) DSCI_V 220, or (b) CPSC_V 121 and one of CPSC_V 203, CPSC_V 210, CPEN_V 221."
DSCI_V 310,Reproducible and Trustworthy Workflows for Data Science,"Data science methods to automate the running and testing of code and analytic reports, manage data analysis software dependencies, package and deploy software for data analysis, and collaborate with others using version control. [3-0-1] Prerequisite: One of (a) DSCI_V 221, (b) DSCI_V 100 and one of CPSC_V 203, CPSC_V 210, CPEN_V 221, or (c) DSCI_V 100, either MATH_V 210 or ECON_V 323, and either CPSC_V 107 or CPSC_V 110."
DSCI_V 320,Visualization for Data Science,"Analysis, design, and implementation of static and interactive visual representations; visualization literacy; data communication; exploratory Data Analysis; application of theoretical principles to visualization development. [3-1.5-0] Prerequisite: STAT_V 201 and one of CPSC_V 203, CPSC_V 210, CPEN_V 221, DSCI_V 221."
DSCI_V 430,"Fairness, Accountability, Transparency and Ethics (FATE) in Data Science","Ethical application of data science and machine learning algorithms. Application of ethical theories in real-world case studies. Data ownership, collection, and validity. Algorithm auditing, fairness and transparency. Reducing unfairness in algorithms. Deployment of predictive models and dissemination of results. [3-0-0] Prerequisite: One of CPSC 330, CPSC 340, STAT 301, STAT 406."
DSCI_V 511,Programming for Data Science,"Pseudo-code. Program design and structure. Flow control. Iteration. Lists (arrays). Functions. File I/O. Classes, objects, methods, and libraries.This course is not eligible for Credit/D/Fail grading."
DSCI_V 512,Algorithms and Data Structures,"Basic algorithms. Recursion. Data structures including linked lists, queues, stacks, trees, graphs, and hash tables. Searching and sorting. Introduction to complexity including Big-O notation, efficiency, and scalability. Prerequisite: All of DSCI_V 511, DSCI_V 521.This course is not eligible for Credit/D/Fail grading."
DSCI_V 513,Databases and Data Retrieval,Relational schemas. SQL queries. Database programming using embedded SQL. XML and XQuery.This course is not eligible for Credit/D/Fail grading.
DSCI_V 521,Computing Platforms for Data Science,"Introduction to software, shells, tools, and file systems for use in the Data Science program. Installation, configuration, and use of statistical and programming software including Integrated Development Environments (IDEs). Problem resolution skills.This course is not eligible for Credit/D/Fail grading."
DSCI_V 522,Data Science Workflows,"Interactive and non-interactive data analysis. Scripting. Dynamic reporting. Reproducibility. Project and file management. Version control. Automated workflows. Prerequisite: All of DSCI_V 511, DSCI_V 521.This course is not eligible for Credit/D/Fail grading."
DSCI_V 523,Programming for Data Manipulation,"Program design and data manipulation using industry-standard software tools designed for statistical work. Organizing, filtering, sorting, grouping, reformatting, converting, and cleaning data to prepare it for further analysis. Corequisite: All of DSCI_V 511, DSCI_V 521.This course is not eligible for Credit/D/Fail grading."
DSCI_V 524,Collaborative Software Development,Software life cycle. Unit testing. Continuous integration. Submission to a relevant repository for distribution. Packaging for installation and use by others. Software licenses. Classes and abstraction. Prerequisite: DSCI_V 522.This course is not eligible for Credit/D/Fail grading.
DSCI_V 525,Web and Cloud Computing,"Networks and the Internet, scraping data, APIs, cloud computing, Web services for scalable computing, Web hosting, Web publication platforms, introduction to parallel computing. Prerequisite: All of DSCI_V 522, DSCI_V 523.This course is not eligible for Credit/D/Fail grading."
DSCI_V 531,Data Visualization I,"Descriptive plots using statistical and programming software. Basics, mechanics, and principles of data visualization. Prerequisite: All of DSCI_V 511, DSCI_V 521.This course is not eligible for Credit/D/Fail grading."
DSCI_V 532,Data Visualization II,"Interactive visualization, design choices, dynamic change over time, multiple views, data reduction, dealing with complexity. Prerequisite: DSCI_V 531.This course is not eligible for Credit/D/Fail grading."
DSCI_V 541,"Privacy, Ethics, and Security","Privacy and data. Ethics boards, legal issues, licensing. Physical and logical data security, social engineering. Encryption, data anonymization, privacy-preserving techniques. Case studies.This course is not eligible for Credit/D/Fail grading."
DSCI_V 542,Communication and Argumentation,"Claims, reasons, and evidence. Strengths and weaknesses of models. Effective oral and written presentation of scientific results, including interpretation of data and recognition of assumptions, bias, validity, and reliability. Citations, references, and peer-review.This course is not eligible for Credit/D/Fail grading."
DSCI_V 551,Descriptive Statistics and Probability for Data Science,"Descriptive statistics including measures of location and spread. Random variables, distributions, and parameters. Categorical variables. Uncertainty. Missing data.This course is not eligible for Credit/D/Fail grading."
DSCI_V 552,Statistical Inference and Computation I,"Random variables, parameters, observed data, statistics (distinctions and connections). Estimation: point and interval. Two-group comparisons, frequentist version. Simulation-based approaches. Prerequisite: DSCI_V 551.This course is not eligible for Credit/D/Fail grading."
DSCI_V 553,Statistical Inference and Computation II,"Multiple hypothesis testing, false discovery rate. Two-group comparisons, Bayesian paradigm. Prerequisite: DSCI_V 552.This course is not eligible for Credit/D/Fail grading."
DSCI_V 554,Experimentation and Causal Inference,"Randomization. A/B testing. Blocked designs. Orthogonality. Batch effects, confounding. Causality. Contemporary examples. Simulations. Prerequisite: All of DSCI_V 553, DSCI_V 561.This course is not eligible for Credit/D/Fail grading."
DSCI_V 561,Regression I,Linear models: continuous response; one or more categorical covariates and/or one or more continuous covariates. Prerequisite: DSCI_V 552.This course is not eligible for Credit/D/Fail grading.
DSCI_V 562,Regression II,Non-parametric regression and smoothing. Data-driven parameter selection. Robust regression. Mixed effects. Prerequisite: DSCI_V 561.This course is not eligible for Credit/D/Fail grading.
DSCI_V 563,Unsupervised Learning,"Unsupervised learning. K-means/medoids. Model-based clustering. Expectation-maximization algorithm. Hierarchical clustering. Dimension reduction. Matrix decomposition. Heatmaps, contour plots, dendograms. Prerequisite: All of DSCI_V 511, DSCI_V 521.This course is not eligible for Credit/D/Fail grading."
DSCI_V 571,Supervised Learning I,"Decision trees. k-th nearest neighbour classifiers. Naive Bayes classifiers. Logistic regression. Prerequisite: All of DSCI_V 511, DSCI_V 521.This course is not eligible for Credit/D/Fail grading."
DSCI_V 572,Supervised Learning II,Support Vector Machines. Random Forests. Ensemble Classifiers. Graphical models. Prerequisite: DSCI_V 571.This course is not eligible for Credit/D/Fail grading.
DSCI_V 573,Feature and Model Selection,"Performance of a classification model. Generalization error, overfitting of training data. Shrinkage, feature selection, Akaike Information Criterion, Bayesian Information Criterion. k-fold cross validation. Bootstrapping. Receiver Operating Characteristic curve. Elastic nets, regularization. Prerequisite: DSCI_V 571.This course is not eligible for Credit/D/Fail grading."
DSCI_V 574,Spatial and Temporal Models,Time series. State space and change point detection. Hidden Markov Models. Gaussian processes. Prerequisite: DSCI_V 572.This course is not eligible for Credit/D/Fail grading.
DSCI_V 575,Advanced Machine Learning,Neural networks trained with backpropagation. Deep learning. Overfitting and underfitting. Active data acquisition. Hyperparameter optimization. Prerequisite: DSCI_V 572.This course is not eligible for Credit/D/Fail grading.
DSCI_V 591,Capstone Project,"A capstone design project designed to give students experience in leading complex multidisciplinary projects relevant to data science. Prerequisite: All of DSCI_V 513, DSCI_V 524, DSCI_V 525, DSCI_V 532, DSCI_V 541, DSCI_V 542, DSCI_V 554, DSCI_V 563, DSCI_V 573, DSCI_V 574, DSCI_V 575.This course is not eligible for Credit/D/Fail grading."
EOSC_V 110,The Solid Earth: A Dynamic Planet,"Earth's origin, composition, structure, and natural resources. Plate tectonics as the driving force for volcanism, mountain building, and earthquakes. Imaging Earth's interior. Environmental geoscience and sustainability. (Consult the Credit Exclusion list for the Faculty of Science section of the Calendar.) [3-0-0]"
EOSC_V 111,Laboratory Exploration of Planet Earth,"An examination of the processes that shape and change the planet earth. This laboratory course is an appropriate complement to EOSC 110, EOSC 112, EOSC 114, EOSC 116 but can also be taken independently. [0-3-0]"
EOSC_V 112,The Climate System,"Introduction to Earth's climate system: radiation balance, greenhouse effect, atmosphere and ocean circulation, plate tectonics, biosphere interactions, and the carbon cycle. Applications to understand the causes of climate change, from long-term climate evolution to modern human-induced climate change. (Consult the Credit Exclusion list, within the Faculty of Science section in the Calendar.) [3-0-0]"
EOSC_V 114,The Catastrophic Earth: Natural Disasters,"Introduction to causes and physical characteristics of disasters such as volcanic eruptions, earthquakes, tsunamis, hurricanes, storm surge, thunderstorms, tornadoes, landslides, wind waves, meteor impacts, mass extinctions. [3-0-0]"
EOSC_V 116,Mesozoic Earth: Time of the Dinosaurs.,"Earth's tectonics, climate, and oceans during the time of the dinosaurs. Reading the fossil record of Earth from its earliest origins up to and including the Mesozoic, 250 - 65 million years ago. [3-0-0]"
EOSC_V 118,Earth's Treasures: Gold and Gems,"Origin, properties, valuation, prospecting and geology of gold, platinum, silver, diamonds, rubies, emeralds, and other precious metals and gems. [3-0-0]"
EOSC_V 210,Earth Science for Engineers,"Focus on the interaction between society and the geologic environment. Locating, assessing and developing natural resources; understanding and preparing for natural hazards, design of structures and waste disposal sites. [3-2-0] Corequisite: One of CIVL 215, MINE 200."
EOSC_V 211,"Computer Methods in Earth, Ocean and Atmospheric Sciences","Mathematical computer-based problem solving in the physical, chemical, and biological sciences. Problems drawn from studies of the earth, the oceans and the atmosphere. Credit will be granted for only one of APSC 160 or EOSC 211. [2-0-2] Prerequisite: One of MATH 101, MATH 103, MATH 105, MATH 121, SCIE 001."
EOSC_V 212,Topics in the Earth and Planetary Sciences.,"Cutting edge problems in earth, ocean, atmospheric and planetary sciences. Topics will be introduced through discussions of the current literature. [3-0-0] Prerequisite: Second-year standing in science or engineering."
EOSC_V 213,Computational Methods in Geological Engineering,"Combining basic physical principles with their mathematical description and generating computational models that describe them. Introduction to basic building blocks in modelling, simulation and parameter estimation. [3-1-0] Prerequisite: One of MATH_V 200, MATH_V 253 and one of MATH_V 111, MATH_V 131, MATH_V 152, MATH_V 221, MATH_V 223 and one of APSC_V 160, CPSC_V 103, CPSC_V 110, EOSC_V 211."
EOSC_V 220,Introductory Mineralogy,"Introduction to crystallography, physical and chemical properties of minerals. Recognition and identification of common minerals. Please consult the Faculty of Science Credit Exclusion List:https://vancouver.calendar.ubc.ca/faculties-colleges-and-schools/facult…. [2-3-0] Prerequisite: One of CHEM_V 110, CHEM_V 111, CHEM_V 120, CHEM_V 121, CHEM_V 141, CHEM_V 154, SCIE_V 001."
EOSC_V 221,Introductory Petrology,"Optical mineralogy and the classification and genesis of igneous, metamorphic and sedimentary rocks. [2-3-0] Prerequisite: [EOSC220]"
EOSC_V 222,Geological Time and Stratigraphy,"Measuring geological time and understanding Earth history using stratigraphic principles, paleontology and radioactive decay. Please consult the Faculty of Science Credit Exclusion List:https://vancouver.calendar.ubc.ca/faculties-colleges-and-schools/facult…. [2-2-0] Prerequisite: Second-year standing in Science. One of EOSC 1**, EOSC 210, GEOB 103 is recommended."
EOSC_V 223,Field Techniques,Introduction to the techniques of geological mapping and the interpretation of field data. Includes three one-day field trips on weekends plus a seven-day field school after Spring examinations. A fee is to be paid by January 31. [2-2-0] Corequisite: EOSC 221.
EOSC_V 240,Site Investigation,"Theory and practice of site investigation for geological engineers, including background studies, field work, remote sensing, development of ground models, importance of geological variability and uncertainty. Impacts on design, project risk and decision making. [2-2-0] Prerequisite: EOSC 210. Corequisite: CIVL 210."
EOSC_V 250,Fields and Fluxes,"Application of classical theory of scalar and vector fields to geophysical sciences. Conductive, convective and radiative energy flux, gravitation, electrostatics, and magnetostatics. Gauss' and Stokes' theorems. [3-0-0] Prerequisite: MATH_V 200 and one of PHYS_V 101, PHYS_V 106, PHYS_V 107, PHYS_V 117, PHYS_V 131, PHYS_V 157. One of PHYS_V 108, PHYS_V 118, PHYS_V 158 is recommended."
EOSC_V 256,Earthquakes,"Characteristics, types, plate tectonics, faults, earth stresses and strains, seismic waves, magnitude scales, instrumentation, hazard mapping, prediction, and forecasting. [3-0-0] Prerequisite: Either (a) one of MATH 101, MATH 103, MATH 105, MATH 121 and one of PHYS 101, PHYS 106, PHYS 107, PHYS 117, PHYS 131, PHYS 157; or (b) SCIE 001."
EOSC_V 270,Marine Ecosystems,"Introduction to diversity of marine habitats and ecosystems; hydrothermal vent, intertidal, coral reef, estuarine, deep sea, and polar ecosystems; impacts of ecosystem change; evolution of ocean plankton; invasive species; climate change; pollution. [3-0-0] Prerequisite: One of SCIE 001, CHEM 110, CHEM 111, CHEM 120, CHEM 121, CHEM 141, CHEM 154."
EOSC_V 310,The Earth and the Solar System,"The Earth as a planet: its composition, internal dynamics, and surface evolution. Rotation, magnetic field, plate tectonics, earthquakes, volcanoes. The ocean, atmosphere, and biosphere as components of a varying geo-environment. Not for credit for students in specializations administered by the Department of Earth, Ocean, and Atmospheric Sciences. (https://www.eoas.ubc.ca/undergrad/degrees). No background in science or mathematics is required. Please consult the Faculty of Science Credit Exclusion List:https://vancouver.calendar.ubc.ca/faculties-colleges-and-schools/facult…[3-0-0] Prerequisite: 2nd-year class standing or higher."
EOSC_V 311,The Earth and its Resources,"An introduction to the Earth with emphasis on its industrial and aesthetic resources. Rocks, minerals, gold, diamonds, sediments, fossils, oil and gas, canyons, and volcanoes and the processes that create them. Not for credit for students in specializations administered by the Department of Earth, Ocean, and Atmospheric Sciences. (https://www.eoas.ubc.ca/undergrad/degrees). No background in science or mathematics is required. [3-0-0] Prerequisite: Class standing 2."
EOSC_V 314,The Ocean Environment,"An introduction to the oceans and the processes that have shaped them, their composition and movement, waves, tides, beaches, interactions with the atmosphere and human exploitation of the non-living resources. Not for credit for students in specializations administered by the Department of Earth, Ocean, and Atmospheric Sciences. (https://www.eoas.ubc.ca/undergrad/degrees). No background in science or mathematics is required. [3-0-0] Prerequisite: Class standing 2."
EOSC_V 315,The Ocean Ecosystem,"An introduction to life in the oceans, its variety and evolution; primary producers and their links to the environment, zooplankton, marine communities, living marine resources and their role in today's world. Not for credit for students in specializations administered by the Department of Earth, Ocean, and Atmospheric Sciences. (https://www.eoas.ubc.ca/undergrad/degrees). No background in science or mathematics is required. [3-0-0] Prerequisite: Class standing 2."
EOSC_V 320,Sedimentology,"Origin, diagenesis and geochemistry of sediments and sedimentary rocks. [2-2-0] Prerequisite: EOSC 221 and one of EOSC 210, EOSC 222."
EOSC_V 321,Igneous Petrology,The origin and formation of igneous rocks. [2-3-0] Prerequisite: EOSC 221.
EOSC_V 322,Metamorphic Petrology,"Deciphering lithospheric processes as recorded by the mineralogy, chemistry and textures of metamorphosed rocks. [2-3-0] Prerequisite: EOSC 221."
EOSC_V 323,Structural Geology I,"Analysis and interpretation of natural deformation. [2-3-0] Prerequisite: All of EOSC 221, EOSC 223 and one of EOSC 210, EOSC 222."
EOSC_V 325,Principles of Physical Hydrogeology,"Theories of storage and movement of water within groundwater systems; Groundwater-surface water interaction; Role of groundwater systems in watershed management and regulating the environmental impacts of global change; Groundwater sustainability; Impacts of climate & land use changes on groundwater resources. [3-0-1]. Prerequisite: (a) 3rd year standing in Science, Land and Food Systems, or Forestry and Environmental Stewardship; and (b) One of MATH_V 101, MATH_V 103, MATH_V 105, MATH_V 121, SCIE_V 001.This course is not eligible for Credit/D/Fail grading."
EOSC_V 326,Earth and Life Through Time,The fossil record of adaptation and extinction emphasizing the interaction of biological and geological processes. Not for credit in Geological Sciences and Geophysics specializations. Please consult the Faculty of Science Credit Exclusion List:https://vancouver.calendar.ubc.ca/faculties-colleges-and-schools/facult…. Second-year class standing or higher. [3-0-0] Prerequisite: Biology 12 or BIOL_V 100-level.
EOSC_V 327,Geochemical Thermodynamics,"Application of chemical thermodynamics to problem solving in the earth sciences. Geochemical tools are developed for: low-T aqueous geochemistry, high-T, high-P processes in the lithosphere, ore-deposit formation, and for prediction of geochemical reaction rates in all environments. [2-2-0] Prerequisite: EOSC220 Corequisite: CHEM 205."
EOSC_V 328,Field Geology,"Recording and processing geological data in the field. Held within the three weeks following April examinations after third year. A special fee is to be paid by January 31. Prerequisite: All of EOSC_V 323, EOSC_V 330 and one of EOSC_V 321, EOSC_V 322."
EOSC_V 329,Quantitative Groundwater Hydrology,"Introduction to theory of groundwater flow; flow nets; regional groundwater resource evaluation; well hydraulics; role of groundwater in geologic processes, case studies. [2-3*-3*] Prerequisite: One of MATH 101, MATH 103, MATH 105, MATH 121, SCIE 001."
EOSC_V 330,Principles of Geomorphology,"Landform development; morphological and historical analysis of landforms; applications in engineering and resource development. Please consult the Faculty of Science Credit Exclusion List:https://vancouver.calendar.ubc.ca/faculties-colleges-and-schools/facult…. [3-2-0] Prerequisite: One of GEOB 103, EOSC 110, EOSC 210."
EOSC_V 331,Introduction to Mineral Deposits,Introduction to economic geology and models related to mineral exploration. Study includes typical deposit types and their plate tectonic setting. [2-3-0] Prerequisite: EOSC 221.
EOSC_V 332,Tectonic Evolution of North America,"An overview of the geology and tectonic evolution of North America; comparisons and contrasts between Precambrian rocks of the North American craton and Phanerozoic belts of the Cordilleran, Appalachian, Ouachita and Innuitian orogens; interrelations between sedimentation, deformation, metamorphism and magmatism in a plate tectonic context. [3-0-0] Prerequisite: [EOSC323] or permission of the instructor."
EOSC_V 333,Elemental and Isotopic Geochemistry,"Analytical methods in geochemistry, major and trace element geochemistry, radiogenic isotopes, geochemistry of seawater, the mantle, basalts, subduction zones, sedimentary rocks, continental crust. [2-3-0] Prerequisite: EOSC 221."
EOSC_V 340,Climate Change: Causes and Solutions,"Mechanisms and processes of past and future global climate change. Climate models and projected impacts. Climate solutions including carbon sequestration, adaptation and geoengineering. [3-0-0] Prerequisite: Either (a) SCIE_V 001 or (b) one of CHEM_V 110, CHEM_V 111, CHEM_V 120, CHEM_V 121, CHEM_V 141, CHEM_V 154 and one of MATH_V 101, MATH_V 103, MATH_V 105, MATH_V 121, MATH_O 101, MATH_O 103 and one of PHYS_V 101, PHYS_V 106, PHYS_V 107, PHYS_V 117, PHYS_V 131, PHYS_V 153, PHYS_V 157, PHYS_O 111."
EOSC_V 345,Climate Change: Evidence and Impacts,"Climate science fundamentals: Energy balance, ocean and atmospheric circulation. Future climate scenarios. Processes driving spatial and temporal climate variability. Analysis of observations and climate projection data to evaluate the anthropogenic impact on climate. [3-0-0] Prerequisite: 3rd year class standing"
EOSC_V 350,"Environmental, Geotechnical, and Exploration Geophysics I","Principles of geophysical survey design, data acquisition, processing and interpretation with emphasis on near-surface problems. Magnetic, seismic reflection/refraction, electromagnetic and ground penetrating radar surveys. Case history analysis of environmental and geotechnical problems. [3-2-0] Prerequisite: One of MATH_V 200, MATH_V 253 and third-year standing or higher in Science or Applied Science."
EOSC_V 352,Geophysical Continuum Dynamics,"Introduction to tensor calculus and continuum mechanics. Stress, strain and strain-rate tensors. Mass, momentum and energy balance. Applications to problems of geophysical heat transport, elasticity and fluid dynamics. [3-0-0] Prerequisite: One of EOSC 250, MATH 317."
EOSC_V 353,Seismology,"Hooke's law for isotropic continua, elastic wave equation, reflection and refraction methods for imaging the Earth's internal structure, plane waves in an infinite medium and interaction with boundaries, body wave seismology, inversion of travel-time curves, generalized ray theory, crustal seismology, surface waves and earthquake source studies. [3-3*] Prerequisite: [EOSC352]"
EOSC_V 354,Analysis of Time Series and Inverse Theory for Earth Scientists,"Continuous and discrete Fourier transforms, correlation and convolution, spectral estimates, optimum least-squares filters, deconvolution and prediction, frequency-wave number filtering. A practical course on computer techniques applied to the analysis of a wide range of geophysical phenomena. [3-2-0] Prerequisite: Either (a) SCIE 001 or (b) one of MATH 101, MATH 103, MATH 105, MATH 121 and one of PHYS 101, PHYS 106, PHYS 107, PHYS 117, PHYS 131, PHYS 157."
EOSC_V 355,The Planets,"Diversity among the planets and moons of the solar system; integrating concepts across scientific disciplines, including geology, geophysics, and atmospheric science to understand how planets evolve. [3-0-0] Prerequisite: Either (a) SCIE 001 or (b) one of MATH 101, MATH 103, MATH 105, MATH 121; and one of CHEM 110, CHEM 111, CHEM 120, CHEM 121, CHEM 141, CHEM 154 and one of PHYS 101, PHYS 106, PHYS 107, PHYS 117, PHYS 131, PHYS 153, PHYS 157."
EOSC_V 372,Introductory Oceanography: Circulation and Plankton,"Physical and chemical processes and their controls on the distribution of plankton in the ocean. [3-0-0] Prerequisite: Either (a) SCIE 001 or (b) one of CHEM 110, CHEM 111, CHEM 120, CHEM 121, CHEM 141, CHEM 154 and one of MATH 101, MATH 103, MATH 105, MATH 121 and one of PHYS 101, PHYS 106, PHYS 107, PHYS 117, PHYS 131, PHYS 153, PHYS 157."
EOSC_V 373,Introductory Oceanography: Climate and Ecosystems,"Physical, chemical, and biological processes in the ocean and their interaction with climate and marine food-webs. [3-0-0] Prerequisite: EOSC 372."
EOSC_V 398,Co-operative Work Placement I,"Approved and supervised technical work experience in an industrial, university or government setting for a minimum of 14 weeks. Normally taken in the Summer Session (Terms 1 and 2) following second year. Technical report required. Restricted to students admitted to the Co-operative Education Option in Earth, Ocean and Atmospheric Sciences.This course is not eligible for Credit/D/Fail grading."
EOSC_V 399,Co-operative Work Placement II,"Approved and supervised technical work experience in an industrial, university or government setting for a minimum of 14 weeks. Normally taken in Winter Session (Term 1) in third year. Technical report required. Restricted to students admitted to the Co-operative Education Option in Earth, Ocean and Atmospheric Sciences.This course is not eligible for Credit/D/Fail grading."
EOSC_V 410,Geoscientific Data Analysis and Empirical Modelling,"Application of data analysis and empirical modelling strategies for conducting a data-oriented research in geosciences; from setting research questions and hypothesis to delivering and interpreting results. Examples are drawn from across the Earth, ocean, atmospheric and planetary sciences. [3-0-0] Prerequisite: One of STAT_V 200, BIOL_V 300 and one of MATH_V 111, MATH_V 131, MATH_V 200, MATH_V 221, MATH_V 223, EOSC_V 250 and one of EOSC_V 211, CPSC_V 203, CPSC_V 210."
EOSC_V 417,"Stable Isotopes in Earth, Ocean, and Environmental Sciences","Principles of stable isotope geochemistry applied to environmental systems, including instrumentation, data and sample analysis, and applications to (paleo) climate, oceanographic and environmental research. [3-0-0] Prerequisite: 3rd-year class standing or higher and either (a) SCIE_V 001 or (b) one of CHEM_V 111, CHEM_V 121, CHEM_V 141, CHEM_V 154 and one of MATH_V 101, MATH_V 103, MATH_V 105 or MATH_V 121."
EOSC_V 420,Volcanology,"Field and lab-based studies in volcanology concentrating on physical and chemical aspects of volcanic processes. [2-3-0] Prerequisite: All of EOSC_V 220, EOSC_V 221."
EOSC_V 421,Advanced Sedimentology,"Description and interpretation of ancient and modern sediments, with emphasis on the origin, composition, textures, structures, diagenesis and chemistry of biogenic sediments. [2-2-0] Prerequisite: [EOSC320] or permission of instructor."
EOSC_V 422,Structural Geology II,Studies of natural deformation using advanced techniques. [2-3-0] Prerequisite: [EOSC323]
EOSC_V 424,Advanced Mineral Deposits,Advanced concepts in the processes that lead to the formation of mineral deposits. Introduction to the study of ore minerals using reflected light microscopy. [2-3-0] Prerequisite: EOSC 331.
EOSC_V 425,Paleontology,Paleobiogeography in the context of plate tectonics. Mass extinction events. Fossilization and biases in the fossil record. Species concepts in paleontology. Biostratigraphy. Paleontological evidence for early life; the colonization of oceanic and terrestrial environments and; the evolution of the primates. [2-3-0] Prerequisite: EOSC 222.
EOSC_V 426,Fundamentals of Geomicrobiology,"Foundational knowledge of the interactions between microorganisms and Earth's surface chemistry. [3-0-0]. Prerequisite: One of BIOL_V 111, BIOL_V 112, BIOL_V 121, CHEM_V 110, CHEM_V 111, CHEM_V 120, CHEM_V 121, CHEM_V 141, EOSC_V 110, EOSC_V 112. Third year standing in Science.This course is not eligible for Credit/D/Fail grading."
EOSC_V 428,Field Techniques in Groundwater Hydrology,"Hydraulic head measurements, water-quality sampling, pump and slug testing, infiltration measurements, profiling techniques. Held over five days after spring term at the Richmond groundwater hydrology field-school site. Enrolment limitations. Prerequisite: One of EOSC 325, EOSC 329."
EOSC_V 429,Groundwater Contamination,"Contaminant transport processes in groundwater flow systems; aqueous and multiphase transport; mathematical models describing migration and chemical evolution of contaminant plumes; case studies. [2-2-0] Prerequisite: One of EOSC 325, EOSC 329."
EOSC_V 430,Aqueous Geochemistry,"Quantitative approaches to practical aqueous geochemistry problems. Equilibrium thermodynamics, kinetics, complexation, oxidation reduction, cation exchange, sorption and partitioning of organics. Case Studies. [2-2-0] Prerequisite: One of CHEM 123, CHEM 130, CHEM 154, SCIE 001. Corequisite: One of EOSC 325, EOSC 329."
EOSC_V 431,Groundwater Remediation,"Methods for containment and remediation of subsurface contaminants; including groundwater control, groundwater extraction, and in situ treatment. Experience with common design approaches. [2-2-0] Prerequisite: [EOSC429]"
EOSC_V 432,Fossil Fuels,"Origin, geochemistry and distribution of petroleum and coal in the stratigraphic record. Sedimentation of organic matter, organic diagenesis, migration and accumulation of hydrocarbons. Principles of exploration and development. Techniques for measurement of organic maturation and source rock analyses. [2-2-0] Corequisite: EOSC 320."
EOSC_V 433,Geological Engineering Practice I - Rock Engineering,"Application of rock mechanics, hydrogeology, and engineering design tools in realistically complex geological environments. Influence and treatment of geological uncertainty, and use of field data, geotechnical monitoring, and numerical analyses for tunnelling, mining and rock slope engineering projects. Case histories. [2-2-0] Prerequisite: All of EOSC 329, CIVL 210, MINE 303."
EOSC_V 434,Geological Engineering Practice II - Soil Engineering,"Application of geomorphology, hydrogeology, and soil mechanics to geotechnical design. Influence and treatment of geological uncertainty in geotechnical hazard and risk assessments; multi-disciplinary approaches to geotechnical engineering problems in realistically complex geological environments. Case histories. [2-2-0] Prerequisite: All of EOSC 329, EOSC 330, CIVL 210."
EOSC_V 440,Physical Climate Modelling,"Understanding climate models from 1D energy balance to fully coupled atmosphereocean general circulation models. Physics and thermodynamics of radiative balance and clouds. Spatial and temporal climate variability. Run simple climate models and analyze data from complex models. [3-0-0] Prerequisites: 3rd year class standing, and one of EOSC 211, EOSC 213, CPSC 203, CPSC 210, and MATH 200, and one of EOSC 112, ATSC 201, EOSC 340, EOSC 345, GEOS 102,GEOG 312, PHYS 333."
EOSC_V 442,Climate Measurement and Analysis,"Local climate time series collection and analysis. Retrieval and analysis of online climate data and model output. [0-3-0] Prerequisite: One of EOSC 340, EOSC 345 and one of CPSC 103, CPSC 110, EOSC 211, MATH 210, PHYS 210 and one of STAT 200, STAT 201, STAT 251, BIOL 300."
EOSC_V 445,Engineering Design Project,"Geological engineering design project from scope definition to final design. Based on a problem from industry. [2*-3-0, 2*-3-0] Prerequisite: All of EOSC 323, EOSC 330, CIVL 316. Corequisite: All of EOSC 433, CIVL 410."
EOSC_V 447,Thesis,For B.A.Sc. Topic to be approved by the Department. [0-3-0]
EOSC_V 448,Directed Studies,Investigation of a topic to be agreed upon by a member of the faculty and the student. Permission of an undergraduate advisor and of the supervising faculty member is required before registration.
EOSC_V 449,Thesis,"Original research work under the direction of a faculty member. Required of all honours students. Open to major students with a satisfactory standing, appropriate background courses and permission of the course instructor and the directing faculty member."
EOSC_V 450,Interior Structure of Earth and Planets,"Theory, application and quantitative interpretation of potential field methods for use in exploring the interior structure of Earth and planets. Topics drawn from problems in geophysical exploration, geodesy, geodynamics, geomagnetism, planetary magnetic fields, heat flow and fluid flow. [3-0-0] Prerequisite: One of PHYS 312, MATH 316, MATH 257 and one of PHYS 102, PHYS 108, PHYS 118, PHYS 158, SCIE 001."
EOSC_V 453,Physics of the Earth and Other Planets,"Identification and quantitative analysis of diverse physical problems in the earth, ocean, atmospheric, and planetary sciences. [3-0-0] Prerequisite: One of PHYS_V 312, MATH_V 316, MATH_V 257."
EOSC_V 454,Applied Geophysics,"Using geophysics to characterize the Earth's subsurface for resource exploration, engineering, or environmental applications. Data acquisition, processing, and interpretation of geophysical surveys. Inversion examples drawn from potential (electrical, magnetic, gravity) or wave field (seismic, ground penetrating radar) surveys. [3-2-0] Prerequisite: One of MATH_V 111, MATH_V 131, MATH_V 152, MATH_V 221, MATH_V 223, and one of EOSC_V 211, CPSC_V 203, CPSC_V 210, and one of MATH_V 316, PHYS_V 312, EOSC_V 350, EOSC_V 352."
EOSC_V 470,Biological Oceanography,"A quantitative examination of processes regulating the abundance, distribution and production of phytoplankton, zooplankton, microbes and fish. Controls of primary and secondary production, ecosystem dynamics and foodwebs. [3-0-0] Prerequisite: One of EOSC 372, EOSC 373."
EOSC_V 471,"Waves, Currents and Ocean Mixing","Use of observations, theory and model results to solve physical oceanographic problems including applications to transport and mixing of pollutants or nutrients. [3-0-0] Prerequisite: EOSC 211 and one of ATSC 201, EOSC 372, GEOB 200 and one of SCIE 001, PHYS 101, PHYS 106, PHYS 107, PHYS 117, PHYS 131, PHYS 157."
EOSC_V 472,Chemical Oceanography and Marine Geochemistry,"Controls on chemical composition and elemental distributions in seawater and marine sediments (including nutrient elements, dissolved gases, the carbonate system, marine organic matter, and trace metals); solution chemistry of seawater; isotopic tracers of rates and dates in marine systems; geochemical balance in the oceans. [3-0-2*] Prerequisite: EOSC 373."
EOSC_V 473,Methods in Oceanography,"Methods of data acquisition, study and analysis required in solving oceanographic problems. Includes a field school held during the mid-term break. A fee is to be paid by January 31. Open to third- and fourth-year students in Oceanography, or with permission of the Department Head. [0-3-0] Prerequisite: One of EOSC 372, EOSC 373."
EOSC_V 474,Marine Pollution,"An interdisciplinary study of pollution, with examples drawn from coastal and oceanic environments, including areas of local interest. Intended for third and fourth-year students with a background in the sciences. [3-0-0] Prerequisite: Third-year standing in Science."
EOSC_V 475,Marine Microbiology,"Advanced biology, ecology and diversity of marine microbes. Emphasis on the roles of bacteria and viruses in marine foodwebs and geochemical cycles. [3-0-0] Prerequisite: A minimum of 6 credits of third-year level life science courses."
EOSC_V 478,Introduction to Fisheries Science,"An introduction to the ecology and management of freshwater and marine fisheries. Topics include: population dynamics, species interactions, communities, environmental influences, stock assessment, economics and sociology of fisheries. Laboratories will consist of numerical analyses and simulations. [2-0-3]"
EOSC_V 490,"Student Directed Seminars in Earth, Ocean and Atmospheric Sciences","Self-directed, collaborative studies in earth, ocean and atmospheric sciences, in a group-learning environment, initiated and coordinated by senior undergraduate students with the supervision of a faculty advisor. Course structure, enrolment, and delivery methods will comply with the Handbook for Student Directed Seminars. Prerequisite: Third-year standing.This course is not eligible for Credit/D/Fail grading."
EOSC_V 498,Co-operative Work Placement III,"Approved and supervised technical work experience in an industrial, university of government setting for a minimum of 14 weeks. Normally taken in the Summer Session (Terms 1 and 2) following third year. Technical report required. Restricted to students admitted to the Co-operative Education Option in Earth, Ocean and Atmospheric Sciences.This course is not eligible for Credit/D/Fail grading."
EOSC_V 499,Co-operative Work Placement IV,"Approved and supervised technical work experience in an industrial, university or government setting for a minimum of 14 weeks. Normally taken in the Summer Session (Terms 1 and 2) following fourth year. Technical report required. Restricted to students admitted to the Co-operative Education Option in Earth, Ocean and Atmospheric Sciences.This course is not eligible for Credit/D/Fail grading."
EOSC_V 510,"Data Analysis in Atmospheric, Earth and Ocean Sciences",[3-0-0].This course is not eligible for Credit/D/Fail grading.
EOSC_V 511,"Numerical Techniques for Ocean, Atmosphere and Earth Scientists",This course is Web-based. Credit will not be granted for both ATSC_V 409 and ATSC_V 506/EOSC_V 511. Equivalency: ATSC_V 506.This course is not eligible for Credit/D/Fail grading.
EOSC_V 512,Advanced Geophysical Fluid Dynamics,This course is not eligible for Credit/D/Fail grading.
EOSC_V 513,Imaging and estimation with wavelets,This course is not eligible for Credit/D/Fail grading.
EOSC_V 514,Introduction to Geological Fluid Mechanics,This course is not eligible for Credit/D/Fail grading.
EOSC_V 515,Graduate Seminar Course,This course is not eligible for Credit/D/Fail grading.
EOSC_V 516,"Teaching and Learning in Earth, Ocean and Atmospheric Sciences",This course is not eligible for Credit/D/Fail grading.
EOSC_V 517,"Stable Isotopes in Earth, Ocean, and Environmental Sciences","Principles of stable isotope geochemistry applied to environmental systems, including instrumentation, data and sample analysis, and applications to (paleo) climate, oceanographic and environmental research. [3-0-0]This course is not eligible for Credit/D/Fail grading."
EOSC_V 518,Science Communication and Outreach in Museum and Other Informal Learning Settings,Theory and best practices for effective science communication in informal learning environments; common obstacles in communicating science to children and adults; design and rhetorical theory in the context of outreach development and communication; presentation of scientific phenomena to the public.This course is not eligible for Credit/D/Fail grading.
EOSC_V 519,Carbonate-rich Magmas and Their Mineral Deposits,"Carbonate-rich magmas—specifically carbonatites and kimberlites—as sources of iron ores, phosphates, rare earth elements, niobium, and diamonds. Origins, geological characteristics, and exploration strategies of carbonatites and kimberlites as potential hosts of economically significant mineral deposits. Open to students with appropriate background courses (ex. one of EOSC_V 321, EOSC_V 322, or a course in Igneous or/and Metamorphic Petrology with a lab component from another university).This course is not eligible for Credit/D/Fail grading."
EOSC_V 520,Advanced Mineralogy,"Crystal structure, chemistry, origin and paragenesis of major rock-forming and ore minerals.This course is not eligible for Credit/D/Fail grading."
EOSC_V 521,Microbeam and Diffraction Methods for the Characterization of Minerals and Materials,[2-3-0].This course is not eligible for Credit/D/Fail grading.
EOSC_V 522,Methods and Modelling in Petrology and Geochemistry,[3-0-2].This course is not eligible for Credit/D/Fail grading.
EOSC_V 523,Isotope Geology,This course is not eligible for Credit/D/Fail grading.
EOSC_V 524,Problems in Paleontology,Seminar. Given in alternate years.This course is not eligible for Credit/D/Fail grading.
EOSC_V 525,Magmatic Ore Deposits,Magmatic ore deposits and associated ore-forming systems with a focus on the petrology and geochemistry of mineralized intrusions and volcanic rocks.This course is not eligible for Credit/D/Fail grading.
EOSC_V 526,Mechanics of Natural Deformation,Lectures and laboratory problems.This course is not eligible for Credit/D/Fail grading.
EOSC_V 527,Instrumentation and Monitoring in Geological Engineering Practice,"Investigative versus performance monitoring. Monitoring requirements, limitations and system support. Tactical versus strategic monitoring. Data analysis, utilization and communication. Integration of monitoring with geotechnical and groundwater modelling. Case histories.This course is not eligible for Credit/D/Fail grading."
EOSC_V 528,Advanced Coal Geology,"The origin and character of coal and associated strata. Petrology, chemistry and physical properties of coal. Sedimentology of peat, biochemical and geochemical stages of coalification and oxidation of coal. Use of organic matter as a geothermometer and inbasinal analysis. Structural analysis and character of coal deposits. Analytical methods applied to coal.This course is not eligible for Credit/D/Fail grading."
EOSC_V 529,Topics in Geohazard Risk Management,This course is not eligible for Credit/D/Fail grading.
EOSC_V 530,Advanced Igneous Petrology,"Lectures, seminars and laboratories on the application of physical chemistry to the origin of igneous rocks; crystallization processes in silicate magmas; melt physical properties, heat transfer and fluid flow.This course is not eligible for Credit/D/Fail grading."
EOSC_V 531,Exploration Methodology,This course is not eligible for Credit/D/Fail grading.
EOSC_V 532,Field Laboratory in Groundwater Hydrology,"Hydraulic head measurements, water-quality sampling, pump and slug testing, infiltration measurements, profiling techniques. Computer analysis of field data. Held after spring term at the Richmond groundwater hydrology field site. Enrolment limitations. Prerequisite: EOSC_V 533.This course is not eligible for Credit/D/Fail grading."
EOSC_V 533,Groundwater Modelling in Practice,"Models of steady-state and transient groundwater flow in the saturated and unsaturated zones; applications to regional groundwater flow, groundwater recharge, subsurface contributions to streamflow, aquifer evaluation; model calibration. Case histories.This course is not eligible for Credit/D/Fail grading."
EOSC_V 534,Geological Engineering: Soils and Weak Rocks,Consult the credit exclusion list in the Faculty of Science section of the Calendar.https://vancouver.calendar.ubc.ca/faculties-colleges-and-schools/facult….This course is not eligible for Credit/D/Fail grading.
EOSC_V 535,Transport Processes in Porous Media,Transport of mass and heat in groundwater flow systems; modelling techniques including an introduction to the finite-element method; modelling of groundwater contamination.This course is not eligible for Credit/D/Fail grading.
EOSC_V 536,Geotechnical Modelling in Practice,"Application of geomechanics and engineering design tools in complex geological environments. Influence and treatment of geological uncertainty; use of field data, geotechnical monitoring and numerical analyses for tunnelling, mining and rock slope engineering projects. Case histories. See credit exclusion listwww.vancouver.calendar.ubc.ca/faculties-colleges-and-schools/faculty-sc….This course is not eligible for Credit/D/Fail grading."
EOSC_V 538,Diamond Exploration,This course is not eligible for Credit/D/Fail grading.
EOSC_V 539,Hydrothermal Ore Deposits,Prerequisite: Completion of a course in Economic Geology.This course is not eligible for Credit/D/Fail grading.
EOSC_V 540,Advanced Groundwater Geochemistry,This course is not eligible for Credit/D/Fail grading.
EOSC_V 541,Multi-component Reactive Transport Modelling in Groundwater,Prerequisite: Either (a) EOSC_V 430 or (b) EOSC_V 540; and EOSC_V 533.This course is not eligible for Credit/D/Fail grading.
EOSC_V 542,Advanced Volcanology,This course is not eligible for Credit/D/Fail grading.
EOSC_V 543,Topics in Solid Earth Sciences,This course is not eligible for Credit/D/Fail grading.
EOSC_V 544,Geodynamics,This course is not eligible for Credit/D/Fail grading.
EOSC_V 545,Advanced Models in Mineral Deposits,This course is not eligible for Credit/D/Fail grading.
EOSC_V 546,Advanced Field Methods in Earth Science,This course is not eligible for Credit/D/Fail grading.
EOSC_V 547,Tunneling and Underground Engineering,This course is not eligible for Credit/D/Fail grading.
EOSC_V 548,Graduating Paper for Masters Candidates without Thesis,This course is not eligible for Credit/D/Fail grading.
EOSC_V 549,Master's Thesis,This course is not eligible for Credit/D/Fail grading.
EOSC_V 550,Linear Inverse Theory,"Model construction, appraisal of nonuniqueness, and inference in linear problems. Tomographic inversions.This course is not eligible for Credit/D/Fail grading."
EOSC_V 551,Streamflow Generation Mechanisms,"Streamflow generation mechanisms, hydrologic processes, transit time distribution, environmental changes, landscape evolution and ecohydrology.This course is not eligible for Credit/D/Fail grading."
EOSC_V 552,Geomagnetism and Aeronomy,"Description of the geomagnetic field, dynamo theory of the origin of the geomagnetic field, transient magnetic variations, magnetic storms and ionospheric disturbances.This course is not eligible for Credit/D/Fail grading."
EOSC_V 554,Theoretical Glaciology,"Lectures and seminars on theoretical aspects of glacier mechanics; flow, stress and temperature fields, sliding theory, flow instabilities.This course is not eligible for Credit/D/Fail grading."
EOSC_V 555,Nonlinear Inverse Theory,"Model construction, appraisal of nonuniqueness, and inference in nonlinear problems. Stochastic inverses, constrained optimization, joint inversions and image processing.This course is not eligible for Credit/D/Fail grading."
EOSC_V 556,Studies in Applied Geophysics,This course is not eligible for Credit/D/Fail grading.
EOSC_V 561,Theory and Methods in Seismic Interpretation,"Topics to be selected from the following: forward modelling, analysis and inversion procedures as used in multichannel reflection, wide-angle reflection and refraction studies of the lithosphere. Velocity analyses, wave equation migration, dip moveout, synthetic seismograms, tomographic inversion, one-dimensional synthetic seismograms, tau-p methods, waveform inversion, two-dimensional ray tracing and synthetic seismograms, tomographic inversion.This course is not eligible for Credit/D/Fail grading."
EOSC_V 562,Mechanics of Earthquakes and Faulting,This course is not eligible for Credit/D/Fail grading.
EOSC_V 570,Paleoceanography,[3-0-0].This course is not eligible for Credit/D/Fail grading.
EOSC_V 571,Seminar in Physical Oceanography and Atmospheric Science,This course is not eligible for Credit/D/Fail grading.
EOSC_V 573,Methods in Oceanography,This course is not eligible for Credit/D/Fail grading.
EOSC_V 575,The Biology and Ecology of Marine Zooplanktonic Organisms,This course is not eligible for Credit/D/Fail grading.
EOSC_V 576,Inorganic Chemical Tracers in the Study of Marine Systems,"The chemical composition of seawater, cycles of gases, trace metals and radionuclides within the sea, chemical tracers in the study of water mixing, water movement and changes in ocean currents over time.This course is not eligible for Credit/D/Fail grading."
EOSC_V 578,Seminal Papers in Biological Oceanography,This course is not eligible for Credit/D/Fail grading.
EOSC_V 579,Dynamic Oceanography,Consult the Credit Exclusion List in the Faculty of Science section of the Calendar. Prerequisite: EOSC_V 512.This course is not eligible for Credit/D/Fail grading.
EOSC_V 580,Physical Climate Modelling,Climate models from 1D energy balance to fully coupled atmosphere-ocean general circulation models. Physics and thermodynamics of radiative balance and clouds. Spatial and temporal climate variability. Running simple climate models and data analysis from complex models. [3-0-0]This course is not eligible for Credit/D/Fail grading.
EOSC_V 582,Satellite Remote Sensing: Applications to Oceanography and Meteorology,A review of the satellite-sensed data products used in research and operational aspects of oceanography and meteorology. Equivalency: GEOG_V 515.This course is not eligible for Credit/D/Fail grading.
EOSC_V 583,Circulation Processes and Transport Mechanisms in Observational Oceanography,This course is not eligible for Credit/D/Fail grading.
EOSC_V 584,Topics in Biological Oceanography,This course is not eligible for Credit/D/Fail grading.
EOSC_V 585,Topics in Physical Oceanography,This course is not eligible for Credit/D/Fail grading.
EOSC_V 595,Directed Studies,This course is not eligible for Credit/D/Fail grading.
EOSC_V 598,M.Eng. Graduating Paper,This course is not eligible for Credit/D/Fail grading.
EOSC_V 599,Thesis,For M.A.Sc.This course is not eligible for Credit/D/Fail grading.
EOSC_V 649,Doctoral Dissertation,This course is not eligible for Credit/D/Fail grading.
EOSC_V 699,Doctoral Dissertation,For Ph.D. (Engineering).This course is not eligible for Credit/D/Fail grading.
ENPH_V 253,Introduction to Instrument Design,"Practice in engineering design and instrument development including mechanical and electrical design, and communications with sensors, actuators. Micro-controller implementation and system integration. Engineering design review process and presentations. Engineering communication in design and product release. [3-6-0] Prerequisite: ENPH 259."
ENPH_V 257,Heat and Thermodynamics,"Thermometry, thermal properties of matter; heat transfer by conduction; convection and radiation; kinetic theory of gases and gas laws; heat engines; refrigeration; change of state; first and second laws of thermodynamics. [2-0-0] Prerequisite: Either (a) SCIE 001 or (b) one of MATH 200, MATH 217, MATH 226, MATH 254, MATH 255; and either (a) all of PHYS 108, PHYS 109 or (b) one of PHYS 102, PHYS 153 or (c) all of PHYS 157, PHYS 158, PHYS 159 or (d) all of PHYS 118, PHYS 119 or (e) all of PHYS 108, PHYS 119."
ENPH_V 259,Experimental Techniques,"Basic experimental techniques in acquisition, analysis, and presentation and communication of data and technical results. [2-3-0] Prerequisite: One of APSC 176, ENGL 110, ENGL 111, ENGL 112, ENGL 120, ENGL 121, WRDS 150 and either (a) all of PHYS 108, PHYS 109 or (b) one of PHYS 102, PHYS 153 or (c) SCIE 001 or (d) all of PHYS 157, PHYS 158, PHYS 159 or (e) all of PHYS 118, PHYS 119 or (f) all of PHYS 108, PHYS 119."
ENPH_V 270,Mechanics II,"Dynamics: systems of particles, kinematics and kinetics of rigid bodies (plane motion), energy and momentum, rotating coordinates. [2-0-1] Prerequisite: PHYS 170."
ENPH_V 352,Laboratory Techniques in Physics,Some of the experiments will be based on the lecture material for PHYS 301. Other techniques and subjects will also be covered. [0-3-0] Corequisite: PHYS 301.
ENPH_V 353,Engineering Physics Project I,"Engineering project planning, execution and reporting. The course involves carrying out an open-ended Engineering project to meet specific performance metrics on an industry relevant topic selected by instructors. Reporting on progress is both oral and written. [0-6-1]. Prerequisite: All of ENPH_V 253, CPEN_V 221.This course is not eligible for Credit/D/Fail grading."
ENPH_V 459,Engineering Physics Project II,"Project planning, management and reporting. This course involves writing a project proposal, carrying out an open-ended Engineering project, and reporting the results both orally and in writing. [1-3-0; 0-6-1]. Prerequisite: ENPH_V 253.This course is not eligible for Credit/D/Fail grading."
ENPH_V 479,Engineering Physics Project III,Projects designed to give students research development and design experience. Projects are provided by research faculty in Science and Engineering and from local industry. [1-5-1;0-4-0]. Prerequisite: ENPH_V 459.This course is not eligible for Credit/D/Fail grading.
ENPH_V 480,Engineering Physics Project IV,An optional course for those students wishing to continue their project work beyond the development in ENPH_V 479. [0-6-0]. Prerequisite: ENPH_V 479.This course is not eligible for Credit/D/Fail grading.
ENPH_V 481,Entrepreneurial Projects I,"A project course for students pursuing entrepreneurial training within Engineering Physics, and wishing to further develop projects resulting from ENPH_V 459. [0-5-1]. Prerequisite: ENPH_V 459.This course is not eligible for Credit/D/Fail grading."
ENVR_V 100,Exploring Environmental Science,"Introduction to topics in Earth Science, Ecology, Human Health and Energy from an Environmental Science perspective. [3-0-0]"
ENVR_V 200,Introduction to Environmental Science,"Seminars and field trips introducing the major global, regional, and local environmental issues facing human societies. [3-0-0] Prerequisite: Open to all students with second-year, or higher, standing."
ENVR_V 201,Climate Action Lab 1,Community-engaged climate action projects; skill building for climate action. Pass/Fail. [0-2-0]This course is not eligible for Credit/D/Fail grading.
ENVR_V 205,Environmental Science in Practice I,"Community building, land connections and academic and career planning in environmental science. [1.5-0-0]"
ENVR_V 240,Environmental Problem Solving,"Practical and theoretical approaches to tackling complex environmental challenges with emphasis on critical thinking to analyze real-world issues. [3-0-0] Prerequisite: One of MATH_V 101, MATH_O 101, MATH_O 103. Corequisite: One of STAT_V 200, 201, BIOL_V 300, STAT_O 205, STAT_O 230."
ENVR_V 300,Introduction to Research in Environmental Science,"Environmental research. Students investigate research methodologies and reporting in a range of scientific disciplines and fields. [3-0-0] Prerequisite: Open to all students with third-year, or higher, standing in the Faculty of Science."
ENVR_V 301,Climate Action Lab 2,Community-engaged climate action projects; skill building for climate action. Pass/Fail. [0-2-0] Prerequisite: ENVR_V 201.This course is not eligible for Credit/D/Fail grading.
ENVR_V 302,Climate Action Lab 1 and 2,Community-engaged climate action projects; skill building for climate action. Pass/Fail [0-3-0] Prerequisite: 3rd year class standing.This course is not eligible for Credit/D/Fail grading.
ENVR_V 305,Environmental Science in Practice II,"Mentoring, incorporating feedback, strengthening land connections and academic and career planning in environmental science. [1.5-0-0] Prerequisite: ENVR_V 205."
ENVR_V 350,Applied Environmental Ethics,The complexities of socio-ecological issues facing practitioners of environmental sciences including ethics and social equity. [3-0-0] Prerequisite: 3rd-year class standing.
ENVR_V 400,Community Project in Environmental Science,"Instructor-guided collaboration between student teams and community partners on community-based environmental science projects. Teams articulate project questions and goals, devise methods, conduct research and communicate results. Credit will be given for only one of ENVR 400 or ENVR 449. [3-0-0; 3-0-0] Prerequisite: ENVR 300."
ENVR_V 401,Climate Action Lab 3,"Community-engaged climate action projects; skill building for climate action. Pass/Fail. [0-2-0] Corequisite: One of ENVR_V 301, ENVR_V 302.This course is not eligible for Credit/D/Fail grading."
ENVR_V 402,Climate Studies and Action Capstone,Instructor-guided collaboration between student teams and community partners on climate action projects. [3-0-0] Prerequisite: ENVR 401.
ENVR_V 410,"Energy, Environment, and Society","The role of energy in human societies throughout history and the environmental and social implications of energy use. Coverage of both the science and policy of energy use. Energy supply and demand, energy transitions, analytical tools, impacts, and alternatives. [3-0-0] Prerequisite: Fourth-year standing in B.Sc., B.A.Sc. or related programs."
ENVR_V 420,Ecohydrology of Watersheds and Water Systems,"Analysis of water resources from a water-in-ecosystem perspective. Application to natural, managed, and urban systems, considering ecological interactions with hydrological processes. Exploration of biogeochemical processes related to water quality, and human impacts on water resources. [3-0-0] Prerequisite: Third or fourth-year standing in Science, Applied Science, Land and Food Systems, or Forestry and Environmental Stewardship."
ENVR_V 430,Ecological Dimensions of Sustainability,"Current issues. Application to agricultural, energy, and resource systems in terrestrial and aquatic contexts. Analysis of complex problems; incorporation of science into novel interdisciplinary solutions. [3-0-0] Prerequisite: Class standing 3, and either (1) one of ENVR 300, BIOL 230, FRST 201 or (2) other demonstrated ecology background."
ENVR_V 440,Analytical Methods in Sustainability Science,"Sustainability analysis through a series of case studies. Example approaches include cost-benefit analysis, trade-offs analysis, and life-cycle analysis. Active learning in a computer lab using real-world data. [2-2-0] Prerequisite: One of ENVR 200, ASIC 220, SCIE 220, GEOG 211. Third-year standing."
ENVR_V 448,Directed Studies in Environmental Science,Investigation of a topic to be agreed upon by a member of the faculty and the student. Permission of an ENSC advisor and of the supervising faculty member is required prior to registration. Prerequisite: Third year standing in the Faculty of Science.
ENVR_V 449,Environmental Science HonoursThesis,[3-0-0] Prerequisite: [ENVR300] and fourth-year standing in the B.Sc. Environmental Sciences honours program.
ENVR_V 450,Environmental Policy and Law,"The creation, implementation and enforcement of environmental laws and policies at the international, national, and sub-national levels. Examination and critique of laws, principles, and policies dealing with issues such as climate change, pollution, and biological diversity. [3-0-0] Prerequisite: 4th-year class standing."
ENVR_V 490,Student Directed Seminars in Environmental Sciences,"Self-directed, collaborative studies in environmental sciences, in a group-learning environment, initiated and coordinated by senior undergraduate students with the supervision of a faculty advisor. Course structure, enrolment, and delivery methods will comply with the Handbook for Student Directed Seminars. Prerequisite: Third-year standing.This course is not eligible for Credit/D/Fail grading."
FISH_V 500,Issues in Fisheries Research: Seminars - Fisheries Management,This course is not eligible for Credit/D/Fail grading.
FISH_V 501,Issues in Fisheries Research: Ecosystem Modelling,This course is not eligible for Credit/D/Fail grading.
FISH_V 502,Issues in Fisheries Research: Marine and Freshwater,This course is not eligible for Credit/D/Fail grading.
FISH_V 503,Issues in Fisheries Research: Policy and Evaluation,This course is not eligible for Credit/D/Fail grading.
FISH_V 504,Quantitative Analysis of Fisheries I,This course is not eligible for Credit/D/Fail grading.
FISH_V 505,Quantitative Analysis of Fisheries II,This course is not eligible for Credit/D/Fail grading.
FISH_V 506,Current Topics in Fisheries,This course is not eligible for Credit/D/Fail grading.
FISH_V 507,Grand Challenges in Ocean Leadership,This course is not eligible for Credit/D/Fail grading.
FISH_V 508,Fisheries Economics and Management,This course is not eligible for Credit/D/Fail grading.
FISH_V 509,Bayesian Methods for Fisheries Stock Assessment,This course is not eligible for Credit/D/Fail grading.
FISH_V 510,Bayesian Decision Analysis for Fisheries Management,This course is not eligible for Credit/D/Fail grading.
FISH_V 520,"Fisheries Conservation, Governance, and Evaluation",This course is not eligible for Credit/D/Fail grading.
FISH_V 548,Directed Studies in Oceans and Fisheries,This course is not eligible for Credit/D/Fail grading.
FISH_V 549,Master's Thesis,This course is not eligible for Credit/D/Fail grading.
FISH_V 599,Master's Thesis,This course is not eligible for Credit/D/Fail grading.
FISH_V 699,Doctoral Dissertation,This course is not eligible for Credit/D/Fail grading.
GSAT_V 502,Advanced Concepts in Genome Science and Technology,"Current approaches to high-throughput, system-wide analysis, and manipulation of biological systems.This course is not eligible for Credit/D/Fail grading."
GSAT_V 503,Directed Studies in Genome Science and Technology,Advanced study under the direction of a faculty member composed of laboratory sessions and/or directed readings related to selected areas of genome science and technology.This course is not eligible for Credit/D/Fail grading.
GSAT_V 540,Statistical Methods for High Dimensional Biology,"Equivalency: STAT_V 540, BIOF_V 540.This course is not eligible for Credit/D/Fail grading."
GSAT_V 599,Master's Thesis,This course is not eligible for Credit/D/Fail grading.
GSAT_V 699,Doctoral Dissertation,This course is not eligible for Credit/D/Fail grading.
ISCI_V 300,Interdisciplinary Seminar,Critical analysis of recent scientific literature that combines disciplines that students are integrating in their Integrated Sciences Curriculum. [0-0-1.5]. Prerequisite: Registration in Integrated Sciences Program.This course is not eligible for Credit/D/Fail grading.
ISCI_V 311,The Size of Things,"Scaling as a general approach to laws governing the geometry, kinematics and dynamics of systems. Dimensional analysis, isometry and allometry applied to topics from Biology, Physics, Earth Science and Economics. Priority to students in the Integrated Sciences Program. [2-0-2] Prerequisite: Third-year standing in the Faculty of Science."
ISCI_V 312,Symmetry,Recognizing symmetry; point groups in 2D and 3D; plane groups in 2D; space groups in 3D; the role of symmetry in the natural and human world. [3-0-0] Prerequisite: Third-year standing in the Faculty of Science.
ISCI_V 320,Research Development Project,Retreat to develop skills in writing scientific research proposals. Emphasis on formulating and testing hypotheses to explain observations. Course location will vary; fee payable prior to retreat. Prerequisite: Third-year standing in the Faculty of Science.
ISCI_V 322,Science of Measurement and Instrumentation,"Interactive course integrating diverse aspects of science: semi-quantitative overview of physical principles underlying modern measurement technology; philosophy of measurement; accuracy and limits to measurement, and resultant scientific, sociological and economic consequences. Priority to students in the Integrated Sciences Program. Prerequisite: Third-year standing in the Faculty of Science."
ISCI_V 330,Topics in Integrated Sciences,Interactive examination of a theme common to all areas of science. Themes will change from year to year. Priority to students in the Integrated Sciences Program. [3-0-0] Prerequisite: Third-year standing in the Faculty of Science
ISCI_V 344,Theory and Practice of Games in Economics and Evolution,Exploration of human and animal interactions: integrating evolutionary and economic perspectives to investigate individual and social behaviour. Credit will be granted for only one of ECON 221 or ISCI 344. [3-0-0] Prerequisite: Third-year standing.
ISCI_V 345,Integrative Bioinformatics,Storage and processing of information in biological systems. Computational methods for recovering and interpreting stored genetic information. Priority to students in the Integrated Sciences Program. [2-0-2] Prerequisite: Third-year standing in the Faculty of Science.
ISCI_V 350,Darwinian Medicine,"Using the Darwinian theory of natural selection to explore explanations of infectious diseases, allergies, cancer, mental illness, and other human diseases. Priority to students in the Integrated Sciences Program. Please consult the Faculty of Science Credit Exclusion Lists:www.vancouver.calendar.ubc.ca/faculties-colleges-and-schools/faculty-sc…[2-0-2] Prerequisite: Third-year standing in the Faculty of Science. Equivalency: BIOL 350"
ISCI_V 351,Why the Big Brain? The Evolution of Human Cognition,"Evolutionary causes, consequences and constraints of human cognition; enhanced encephalization and mentalizing capabilities throughout the Primate Order, and the emergence of cognitive faculties that define the human species. [3-0-0] Prerequisite: Third-year or higher standing in the Faculty of Science."
ISCI_V 360,Systems Approaches to Regional Sustainability,"Application of systems science encompassing geological, hydrological, ecological, atmospheric sciences, and energy systems approaches to study regional sustainability. [3-0-0] Prerequisite: Third-year or higher standing in the Faculty of Science."
ISCI_V 361,Field Course: Systems Approaches to Regional Sustainability,"Systems science approaches encompassing geological, hydrological, ecological, atmospheric sciences, and energy systems to investigate a selected region of the world. Course location will vary; fee payable prior to field course."
ISCI_V 398,Co-operative Work Placement I,Industrial or academic work experience for a minimum of 4 months. Normally taken in Winter Session of third year or Summer Session after third year. Technical report required. Restricted to students in the ISP Co-op program. Prerequisite: One term in ISP.
ISCI_V 399,Co-operative Work Placement II,Industrial or academic work experience for a minimum of 4 months. Technical report required. Restricted to students admitted to the Co-op Program in ISP. Prerequisite: ISCI 398.
ISCI_V 400,Integrated Sciences Graduating Seminar,"Reflection of Integrated Sciences degree experience, development of professional skills, and a showcase of degree integrations to the community. Pass/Fail. [0-0-2.5] Prerequisite: Fourth-year standing in the Integrated Sciences specialization.This course is not eligible for Credit/D/Fail grading."
ISCI_V 422,Models in Science,"Meaning, nature, use, strengths and limitations of models as investigative tools in all scientific disciplines. Detailed investigation of selected model systems from different scientific disciplines. Priority to students in the Integrated Sciences Program. [2-0-2] Prerequisite: Third-year standing in the Faculty of Science."
ISCI_V 433,Ethical Issues in Science,"Theoretical and practical consideration of ethics in the practice, reporting, public impact and accountability of science. [3-0-0] Prerequisite: Third-year standing in any faculty."
ISCI_V 434,Non-Animal Methods in Biomedical Science,"Interdisciplinary non-animal methods (e.g., organoids, organ-on-a-chip, 3D bioprinting) for research, testing, and education; the regulatory landscape. [3-0-0] Prerequisite: Third-year standing."
ISCI_V 448,Directed Studies,Permission of the Director is required.
ISCI_V 449,Interdisciplinary Honours Thesis,Original research work under the guidance of a faculty member. Registration by approval of the Integrated Sciences Director.This course is not eligible for Credit/D/Fail grading.
ISCI_V 461,Comparative Field Research Course: Systems Approaches to Regional Sustainability,"Systems science approaches encompassing geological, hydrological, ecological, atmospheric sciences, and energy systems to investigate, analyze and research two unique regions of the world. Course location may vary; course location must be different than ISCI 361; fee payable prior to field course. [3-0-0] Prerequisite: ISCI 361."
ISCI_V 490,Student Directed Seminars,"Self-directed, collaborative studies, in a group-learning environment, initiated and coordinated by senior undergraduate students with the supervision of a faculty advisor. Course structure, enrolment and delivery methods will comply with the Handbook for Student Directed Seminars. [3-0-0] Prerequisite: Third-year standing in the Faculty of Science."
ISCI_V 498,Co-operative Work Placement III,Industrial or academic work experience for a minimum of 4 months. Technical report required. Restricted to students admitted to the Co-op Program in ISP. Prerequisite: ISCI 399.
ISCI_V 499,Co-Operative Work Placement IV,Industrial or academic work experience for a minimum of 4 months. Technical report required. Restricted to students admitted to the Co-op Program in ISP. Prerequisite: ISCI 498.
MRNE_V 400,Directed Studies,A research project approved by the supervisor in the field of interest of the student designed to take advantage of the opportunities offered by the Bamfield Marine Sciences Centre. Note: the supervisor may be teaching at the Marine Centre; or a member of faculty of WCUMSS whether at the Marine Centre as a research investigator or as one of the members of WCUMSS.
MRNE_V 401,Special Topics in Marine Biology,"This course will be offered, as opportunities arise, by distinguished scientists visiting at the Bamfield Marine Sciences Centre. It is expected that the course will generally be of a specialized nature and be at a level appropriate to graduate or senior undergraduate students."
MRNE_V 402,Special Topics in Marine Biology,"This course will be offered, as opportunities arise, by distinguished scientists visiting at the Bamfield Marine Sciences Centre. This course will be of a specialized nature and at a level appropriate to graduate or senior undergraduate students."
MRNE_V 410,Marine Invertebrate Zoology,"A survey of the marine phyla, with emphasis on the benthic fauna in the vicinity of the Marine Station. The course includes lectures, laboratory periods, field collection, identification and observation. Emphasis is placed on the study of living specimens in the laboratory and in the field."
MRNE_V 411,Comparative Invertebrate Embryology,"A comprehensive study of development of marine invertebrates available at the Bamfield Marine Sciences Centre, including all major phyla and most of the minor phyla. Prerequisite: course in invertebrates or embryology."
MRNE_V 412,Biology of Fishes,"Classification, physiology, ecology, behaviour and zoogeography of fishes with particular emphasis on those in the marine environment of the British Columbia coast. Prerequisite: A course in comparative vertebrate anatomy."
MRNE_V 415,Structure and Function in Marine Animals,"Principles of classification, evolution, morphology, biomechanics, physiology and biochemistry will be illustrated in representatives from a variety of animal phyla. [3-3-0] Prerequisite: Completion of second year in a biology program."
MRNE_V 420,Marine Phycology,"A survey of the marine algae, with emphasis on the benthic forms in the vicinity of the Marine Centre. The course includes lectures, laboratory periods, field collection, identification and observation. Emphasis is placed on the study of living specimens in the laboratory and in the field."
MRNE_V 425,Ecological Adaptations of Seaweeds,"Morphological, physiological, genetic and reproductive adaptations of seaweeds to their environments. [3-3-0] Prerequisite: Completion of second year in a biology program."
MRNE_V 430,Marine Ecology,"An analytical approach to biotic associations in the marine environment. Opportunities are provided for study of the intertidal realm in exposed and protected areas, and of beaches and estuaries in the vicinity of the Marine Centre; plankton studies and investigations of the subtidal and benthic environments by diving and dredging are envisaged."
MRNE_V 435,Introduction to Biological Oceanography,"An introduction to the biology of oceans, with supporting coverage of relevant physics and chemistry. Emphasis will be placed on plankton biology, community structure and life histories, and influencing environmental factors. Collections will be made from sheltered inlets, through Barkely Sound to offshore waters. The course will involve both field and laboratory. Prerequisite: All of BIOL_V 320, BIOL_V 205"
MRNE_V 437,Population and Community Ecology of Marine Organisms,"Emphasis on interactions among organisms and between organisms and their physiochemical environment, and on biological diversity. [3-3-0] Prerequisite: Completion of second year in a biology program."
MRNE_V 440,Biology of Marine Birds,Study of interrelationship of birds and the marine environment. Census techniques and observation of birds in the field will be emphasized. Prerequisite: Completion of a course in vertebrate zoology or permission of the instructor.
MRNE_V 445,Biology of Marine Mammals,"Survey course covering systematics and distribution of marine mammals, their sensory capabilities and physiology, with special emphasis on the Cetacea. The course will involve an independent field study. Prerequisite: Introductory vertebrate zoology."
MRNE_V 480,Seminars and Papers in Marine Science,Instruction in the critical analysis of published research papers and of oral seminars. [2-2-0] Prerequisite: Completion of second year in a biology program.
MRNE_V 501,Special Topics,"6 weeks. Offered, as opportunities arise, by distinguished scientists who are visiting at the Bamfield Marine Sciences Centre. The course will be of a specialized nature.This course is not eligible for Credit/D/Fail grading."
MRNE_V 502,Special Topics,"3 weeks. Offered, as opportunities arise, by distinguished scientists who are visiting at the Bamfield Marine Sciences Centre. The course will be of a specialized nature.This course is not eligible for Credit/D/Fail grading."
MATH_V 100,Differential Calculus with Applications,"Derivatives of elementary functions. Applications and modelling: graphing, optimization. Consult the Faculty of Science Credit Exclusion List:https://vancouver.calendar.ubc.ca/faculties-colleges-and-schools/facult…[3-0-0] Prerequisite: A score of 80% or higher in BC Pre-calculus 12. High school calculus is strongly recommended."
MATH_V 101,Integral Calculus with Applications,"The definite integral, integration techniques, applications, modelling, infinite series. Equivalency: MATH_V 103, MATH_V 105. [3-0-0] Prerequisite: One of MATH_V 100, MATH_V 102, MATH_V 104, MATH_V 110, MATH_V 120, MATH_V 180, MATH_V 184, MATH_O 100."
MATH_V 102,Differential Calculus with Applications to Life Sciences,"Functions, derivatives, optimization, growth and decay, discrete probability. Equivalency: MATH_V 100, 104. [3-0-0] Prerequisite: High-school calculus and a score of 80% or higher in BC Principles of Mathematics 12 or Pre-calculus 12."
MATH_V 103,Integral Calculus with Applications to Life Sciences,"Antiderivatives and definite integrals, infinite series, applications to probability and dynamical systems. Equivalency: MATH_V 101, 105. [3-0-0] Prerequisite: One of MATH_V 100, MATH_V 102, MATH_V 104, MATH_V 110, MATH_V 120, MATH_V 180, MATH_V 184."
MATH_V 104,Differential Calculus with Applications to Commerce and Social Sciences,"Derivatives and rates of change, exponential and trigonometric functions, Newton's method, Taylor polynomials, maxima and minima, and graphing. Equivalency: MATH_V 100, 102. [3-0-0] Prerequisite: High-school calculus and a score of 80% or higher in BC Principles of Mathematics 12 or Pre-calculus 12."
MATH_V 105,Integral Calculus with Applications to Commerce and Social Sciences,"Antiderivatives, the definite integral, techniques of integration, infinite series, partial derivatives, maxima and minima with constraints, discrete and continuous random variables. Equivalency: MATH_V 101, 103. [3-0-0] Prerequisite: One of MATH 100, MATH 102, MATH 104, MATH 110, MATH 120, MATH 180, MATH 184."
MATH_V 110,Differential Calculus,"Topics as for MATH 100, but including relevant topics from algebra, geometry, functions, trigonometry, logarithms, and exponentials. [3-0-1.5; 3-0-1.5] Prerequisite: A grade of 65% or higher in BC Principles of Mathematics 12 or Pre-calculus 12."
MATH_V 111,Matrix Algebra,"Systems of linear equations, operations on matrices, determinants, eigenvalues and eigenvectors, diagonalization of symmetric matrices. Please consult the Faculty of Science Credit Exclusion List:https://vancouver.calendar.ubc.ca/faculties-colleges-and-schools/facult…. [3-0-0] Equivalency: MATH_V 221. Prerequisite: Either (a) one of MATH_V 100, MATH_V 102, MATH_V 104, MATH_V 110, MATH_V 120, MATH_V 180, MATH_V 184, MATH_O 100 or (b) advanced credit for MATH_V 100, or (c) SCIE_V 001 as a co-requisite."
MATH_V 120,Honours Differential Calculus,"Limits, derivatives, Mean Value Theorem and applications, elementary functions, optimization, Taylor series, approximation. Please consult the Faculty of Science Credit Exclusion List:https://vancouver.calendar.ubc.ca/faculties-colleges-and-schools/facult…[4-0-0] Prerequisite: High-school calculus and one of (a) a score of 95% or higher in BC Principles of Mathematics 12 or Pre-calculus 12; or (b) permission from the Mathematics Department Head."
MATH_V 121,Honours Integral Calculus,"Definite integrals and the Fundamental Theorem of Calculus, techniques and applications of integration, infinite series. Please consult the Faculty of Science Credit Exclusion List:https://vancouver.calendar.ubc.ca/faculties-colleges-and-schools/facult…. [4-0-0] Prerequisite: Either a) a score of 68% or higher in MATH_V 120, b) a score of 80% or higher in MATH_V 100, MATH_V 102, MATH_V 104, MATH_V 180, MATH_V 184, or c) a score of 5 in AP Calculus AB."
MATH_V 131,Honours Linear Algebra,"Matrices, eigenvectors, diagonalization, orthogonality, linear systems, applications. Students who obtain credit for MATH_V 131 cannot in the same or later terms obtain credit for MATH_V 111, MATH_V 152, or MATH_V 221. [3-0-0] Equivalency: MATH_V 223. Prerequisite: One of (a) one of MATH_V 120, MATH_V 121, SCIE_V 001, or (b) a score of 80% or higher in one of MATH_V 100, MATH_V 102, MATH_V 104, MATH_V 110, MATH_V 180, MATH_V 184, or (c) a score of 68% or higher in one of MATH_V 101, MATH_V 103, MATH_V 105, MATH_V 152, MATH_V 111, MATH_V 221, or (d) SCIE_V 001 as a corequisite."
MATH_V 152,Linear Systems,"2D and 3D geometry, vectors and matrices, eigenvalues and vibration, physical applications. Laboratories demonstrate computer solutions of large systems. Please consult the Faculty of Science Credit Exclusion List:https://vancouver.calendar.ubc.ca/faculties-colleges-and-schools/facult…[3-1*-0] Corequisite: MATH_V 101."
MATH_V 180,Differential Calculus with Applications,"Topics as for Math 100; intended for students with no previous knowledge of Calculus. Please consult the Faculty of Science Credit Exclusion List:https://vancouver.calendar.ubc.ca/faculties-colleges-and-schools/facult…. Not for credit for students with AP Calculus AB, AP Calculus BC, or a passing score on the UBC-SFU-UVIC-UNBC Calculus Challenge Examination. [3-0-1.5] Prerequisite: A grade of 80% or higher in BC Principles of Mathematics 12 or Pre-calculus 12."
MATH_V 184,Differential Calculus for Social Science and Commerce,"Topics as for Math 104; intended for students with no previous knowledge of Calculus. Please consult the Faculty of Science Credit Exclusion List:https://vancouver.calendar.ubc.ca/faculties-colleges-and-schools/facult…. Not for credit for students with AP Calculus AB, AP Calculus BC, or a passing score on the UBC-SFU-UVIC-UNBC Calculus Challenge Examination. [3-0-1.5] Prerequisite: A grade of 80% or higher in BC Principles of Mathematics 12 or Pre-calculus 12."
MATH_V 190,Calculus Survey,"Functions, derivatives, integrals, curve sketching growth functions, volume calculations. Only for credit in the Faculty of Forestry and Environmental Stewardship. Students with credit for MATH_V 100, 102, 104, 120, 180, or 184 cannot in the same term or later terms obtain credit for MATH_V 190. [3-0-2] Prerequisite: Principles of Mathematics 12 or Pre-calculus 12 and registration in the B.S.F. or B.Sc.N. programs."
MATH_V 200,Calculus III,"Analytic geometry in 2 and 3 dimensions, partial and directional derivatives, chain rule, maxima and minima, second derivative test, Lagrange multipliers, multiple integrals with applications. Please consult the Faculty of Science Credit Exclusion List:https://vancouver.calendar.ubc.ca/faculties-colleges-and-schools/facult…. [3-0-0] Prerequisite: One of MATH_V 101, MATH_V 103, MATH_V 105, MATH_V 121, SCIE_V 001, MATH_O 101, MATH_O 103."
MATH_V 210,Introduction to Mathematical Computing,"Introduction to mathematical software and numerical methods. Numbers, arrays, functions, vectorization and iteration. Sequences and series, root finding, numerical integration, numerical methods for differential equations, systems of linear equations, mathematical graphics. [3-0-0] Prerequisite: One of MATH_V 101, MATH_V 103, MATH_V 105, MATH_V 121, SCIE_V 001, MATH_O 101, MATH_O 103. Corequisite: One of MATH_V 215, MATH_V 255, MATH_V 256, MATH_V 258, MATH_O 225 and one of MATH_V 152, MATH_V 221, MATH_V 223, MATH_O 222."
MATH_V 215,Elementary Differential Equations I,"First-order equations; linear equations; linear systems; Laplace transforms; numerical methods; trajectory analysis of plane nonlinear systems. Applications of these topics will be emphasized. Please consult the Faculty of Science Credit Exclusion List:https://vancouver.calendar.ubc.ca/faculties-colleges-and-schools/facult…. [3-0-0] Prerequisite: One of MATH_V 101, MATH_V 103, MATH_V 105, MATH_V 121, SCIE_V 001, MATH_O 101, MATH_O 103 and one of MATH_V 152, MATH_V 221, MATH_V 223, MATH_O 222. Corequisite: One of MATH_V 200, MATH_V 217, MATH_V 226, MATH_V 253, MATH_V 254, MATH_O 200."
MATH_V 217,Multivariable and Vector Calculus,"Partial differentiation, extreme values, multiple integration, vector fields, line and surface integrals, the divergence theorem, Green's and Stokes' theorems. Intended for students in Honours Physics and Engineering Physics. Please consult the Faculty of Science Credit Exclusion List:https://vancouver.calendar.ubc.ca/faculties-colleges-and-schools/facult…[4-0-0] Prerequisite: A score of 68% or higher in one of PHYS_V 102, PHYS_V 108, PHYS_V 118, PHYS_V 153, PHYS_V 158, SCIE_V 001 and a score of 68% or higher in one of MATH_V 101, MATH_V 103, MATH_V 105, MATH_V 121, SCIE_V 001, MATH_O 101, MATH_O 103. Corequisite: One of MATH_V 152, MATH_V 221, MATH_V 223, MATH_O 222."
MATH_V 220,Mathematical Proof,"Sets and functions; induction; cardinality; properties of the real numbers; sequences, series, and limits. Logic, structure, style, and clarity of proofs emphasized throughout. [3-0-0] Prerequisite: Either (a) a score of 64% or higher in one of MATH_V 101, MATH_V 103, MATH_V 105, SCIE_V 001, MATH_O 101, MATH_O 103 or (b) one of MATH_V 121, MATH_V 200, MATH_V 217, MATH_V 226, MATH_V 253, MATH_V 254, MATH_O 200."
MATH_V 221,Matrix Algebra,"Systems of linear equations, operations on matrices, determinants, eigenvalues and eigenvectors, diagonalization of symmetric matrices. This course is intended for first and second year students. Please consult the Faculty of Science Credit Exclusion List:https://vancouver.calendar.ubc.ca/faculties-colleges-and-schools/facult…[3-0-0] Equivalency: MATH_V 111. Prerequisite: Either (a) one of MATH_V 100, MATH_V 102, MATH_V 104, MATH_V 110, MATH_V 120, MATH_V 180, MATH_V 184, SCIE_V 001, MATH_O 100 or (b) advanced credit for MATH_V 100, or (c) SCIE_V 001 as a corequisite."
MATH_V 223,Honours Linear Algebra,"Matrices, eigenvectors, diagonalization, orthogonality, linear systems, applications. This course is intended for first and second year students. Students who obtain credit for MATH_V 223 cannot in the same or later terms obtain credit for MATH_V 111, MATH_V 152, or MATH_V 221. [3-0-0] Equivalency: MATH_V 131. Prerequisite: One of (a) one of MATH_V 120, MATH_V 121, SCIE_V 001, or (b) a score of 80% or higher in one of MATH_V 100, MATH_V 102, MATH_V 104, MATH_V 110, MATH_V 180, MATH_V 184, MATH_O 100, or (c) a score of 68% or higher in one of MATH_V 101, MATH_V 103, MATH_V 105, MATH_V 111, MATH_V 152, MATH_V 221, MATH_O 101, MATH_O 103, MATH_O 221, or (d) SCIE_V 001 as a corequisite."
MATH_V 226,Advanced Calculus I,"Functions of several variables: limits, continuity, differentiability; implicit functions; Taylor's theorem; extrema; Lagrange multipliers; multiple integration, Fubini's theorem; improper integrals. Please consult the Faculty of Science Credit Exclusion List:https://vancouver.calendar.ubc.ca/faculties-colleges-and-schools/facult…[3-0-0] Prerequisite: Either (a) a score of 68% or higher in MATH_V 121 or (b) a score of 80% or higher in one of MATH_V 101, MATH_V 103, MATH_V 105, SCIE_V 001, MATH_O 101, MATH_O 103. Corequisite: One of MATH_V 152, MATH_V 221, MATH_V 223, MATH_O 222."
MATH_V 227,Advanced Calculus II,"Parametrization of curves and surfaces; line and surface integrals; theorems of Green, Gauss, Stokes; applications to physics and/or introduction to differential forms. Please consult the Faculty of Science Credit Exclusion List:https://vancouver.calendar.ubc.ca/faculties-colleges-and-schools/facult…[3-0-0] Prerequisite: MATH 226. Prerequisite grade requirement: 68% in MATH226."
MATH_V 230,Marvels of Mathematics,"A variety of topics in mathematics, showcasing its beauty and utility. Intended for a general audience of students whose degrees have no mathematics requirements, but who may be curious about practical and recreational mathematics. Not for credit in the Faculty of Science. Students who obtain UBC credit for any other mathematics course cannot in the same or later years obtain credit for MATH 230. [3-0-0]"
MATH_V 253,Multivariable Calculus,"Partial and directional derivatives; maxima and minima; Lagrange multipliers and second derivative test; multiple integrals and applications. Please consult the Faculty of Science Credit Exclusion List:https://vancouver.calendar.ubc.ca/faculties-colleges-and-schools/facult…[3-0-0] Prerequisite: One of MATH_V 101, MATH_V 103, MATH_V 105, MATH_V 121, SCIE_V 001, MATH_O 101, MATH_O 103."
MATH_V 254,Multivariable and Vector Calculus for Mechanical Engineering,"Partial differentiation, extreme values, multiple integration, vector fields, line and surface integrals, the divergence and Stokes' theorems; applications to fluid mechanics: buoyancy, hydrostatic force, pipe flow, drag; applications to thermodynamics: work, entropy, heat transfer; numerical methods. Emphasis on mechanical engineering applications. [3-0-1*] Prerequisite: MATH 101 and one of MATH 152, MATH 221, MATH 223. Corequisite: All of MECH 222, MECH 225."
MATH_V 255,Ordinary Differential Equations,"Review of linear systems; nonlinear equations and applications; phase plane analysis; Laplace transforms; numerical methods. Please consult the Faculty of Science Credit Exclusion List:https://vancouver.calendar.ubc.ca/faculties-colleges-and-schools/facult…[3-0-0] Prerequisite: One of MATH 101, MATH 103, MATH 105, MATH 121, SCIE 001 and one of MATH 152, MATH 221, MATH 223. Corequisite: One of MATH 200, MATH 217, MATH 226, MATH 253, MATH 254."
MATH_V 256,Differential Equations,"Linear ordinary differential equations, Laplace transforms, Fourier series and separation of variables for linear partial differential equations. Consult the Faculty of Science Credit Exclusion List:https://vancouver.calendar.ubc.ca/faculties-colleges-and-schools/facult…. [3-0-0] Prerequisite: One of MATH_V 101, MATH_V 103, MATH_V 105, MATH_V 121, SCIE_V 001, MATH_O 101, MATH_O 103 and one of MATH_V 152, MATH_V 221, MATH_V 223, MATH_O 222. Corequisite: One of MATH_V 200, MATH_V 217, MATH_V 226, MATH_V 253, MATH_O 200."
MATH_V 257,Partial Differential Equations,"Introduction to partial differential equations; Fourier series; the heat, wave and potential equations; boundary-value problems; numerical methods. Please consult the Faculty of Science Credit Exclusion List:https://vancouver.calendar.ubc.ca/faculties-colleges-and-schools/facult…[3-0-0] Prerequisite: One of MATH 215, MATH 255, MATH 256, MATH 258."
MATH_V 258,Differential Equations for Mechanical Engineering,"First-order equations; linear equations; linear systems; Laplace transforms; trajectory analysis of plane nonlinear systems; translational and rotational vibrations; applications to RLC circuit analysis; numerical and graphical methods. Emphasis on mechanical engineering applications. [3-0-1*] Prerequisite: MATH 101 and one of MATH 152, MATH 221, MATH 223. Corequisite: All of MECH 221, MECH 224."
MATH_V 264,Vector Calculus for Electrical Engineering,"Divergence, gradient, curl, theorems of Gauss and Stokes. Applications to Electrostatics and Magnetostatics. MATH_V 264 content is strongly coupled to BMEG_V 220 and ELEC_V 211 with topics and student evaluations weighted accordingly. Prerequisite: One of MATH_V 200, MATH_V 217, MATH_V 226, MATH_V 253, MATH_V 254. Corequisite: One of BMEG_V 220, ELEC_V 211.This course is not eligible for Credit/D/Fail grading."
MATH_V 300,Introduction to Complex Variables,"Functions of a complex variable, Cauchy-Riemann equations, elementary functions, Cauchy's theorem and contour integration, Laurent series, poles and residues. Please consult the Faculty of Science Credit Exclusion List:https://vancouver.calendar.ubc.ca/faculties-colleges-and-schools/facult…[3-0-0] Corequisite: One of MATH 217, MATH 227, MATH 254, MATH 317."
MATH_V 301,Applied Analysis,"Integrals involving multi-valued functions, conformal mapping and applications, analytic continuation, Laplace and Fourier transforms. [3-0-0] Prerequisite: One of MATH 300, MATH 305. Corequisite: One of MATH 256, MATH 257, MATH 316, MATH 358, MECH 358, PHYS 312."
MATH_V 302,Introduction to Probability,"Basic notions of probability, random variables, expectation and conditional expectation, limit theorems. Please consult the Faculty of Science Credit Exclusion List:https://vancouver.calendar.ubc.ca/faculties-colleges-and-schools/facult…[3-0-0] Prerequisite: One of MATH_V 200, MATH_V 217, MATH_V 226, MATH_V 253, MATH_V 254. Equivalency: STAT_V 302."
MATH_V 303,Introduction to Stochastic Processes,"Discrete-time Markov chains, Poisson processes, continuous time Markov chains, renewal theory. Please consult the Faculty of Science Credit Exclusion List:https://vancouver.calendar.ubc.ca/faculties-colleges-and-schools/facult…[3-0-0] Prerequisite: One of MATH_V 302, STAT_V 302, STAT_O 203."
MATH_V 305,Applied Complex Analysis,"Functions of a complex variable, Cauchy-Riemann equations, contour integration, Laurent series, residues, integrals of multi-valued functions, Fourier transforms. Please consult the Faculty of Science Credit Exclusion List:https://vancouver.calendar.ubc.ca/faculties-colleges-and-schools/facult…[3-0-0] Prerequisite: One of MATH 200, MATH 217, MATH 226, MATH 253, MATH 254. Corequisite: One of MATH 256, MATH 257, MATH 316, MATH 358, MECH 358, PHYS 312."
MATH_V 307,Applied Linear Algebra,"Applications of linear algebra to problems in science and engineering; use of computer algebra systems for solving problems in linear algebra. [3-0-0] Prerequisite: One of MATH_V 152, MATH_V 221, MATH_V 223, MATH_O 222 and one of MATH_V 200, MATH_V 217, MATH_V 226, MATH_V 253, MATH_V 254, MATH_O 200."
MATH_V 308,Euclidean Geometry,"Classical plane geometry, solid geometry, spherical trigonometry, polyhedra, linear and affine transformations. Linear algebra proofs are used. It is suggested that MATH 307 be taken concurrently. [3-0-0] Prerequisite: Either (a) one of MATH 152, MATH 221 and one of MATH 220, MATH 226, CPSC 121; or (b) MATH 223."
MATH_V 309,Topics in Geometry,"Topics chosen by the instructor. These may include conic sections, projective configuration, convexity, non-Euclidean geometries, fractal geometry, combinatorial problems of points in the plane. [3-0-0] Prerequisite: Either (a) one of MATH_V 152, MATH_V 221 and one of MATH_V 220, MATH_V 226, CPSC_V 121, MATH_O 220; or (b) MATH_V 223 or MATH_O 222."
MATH_V 310,Abstract Linear Algebra,"Linear spaces, duality, linear mappings, matrices, determinant and trace, spectral theory, Euclidean structure. Consult the Faculty of Science Credit Exclusion List:https://vancouver.calendar.ubc.ca/faculties-colleges-and-schools/facult…[3-0-0] Prerequisite: One of MATH 152, MATH 221 and one of MATH 220, MATH 226, CPSC 121."
MATH_V 312,Introduction to Number Theory,"Euclidean algorithm, congruences, Fermat's theorem, applications. Some diophantine equations. Distribution of the prime numbers. Please consult the Faculty of Science Credit Exclusion List:https://vancouver.calendar.ubc.ca/faculties-colleges-and-schools/facult…Prerequisite: One of MATH 220, MATH 223, MATH 226, CPSC 121. and 9 additional credits of mathematics courses."
MATH_V 313,Topics in Number Theory,"Topics chosen by the instructor. These might include: division algorithms, group theory, continued fractions, primality testing, factoring. Please consult the Faculty of Science Credit Exclusion List:https://vancouver.calendar.ubc.ca/faculties-colleges-and-schools/facult…. [3-0-0] Prerequisite: MATH_V 312."
MATH_V 316,Elementary Differential Equations II,"Power series methods (ordinary and regular singular points, Bessel's equation); boundary value problems and separation of variables (Fourier series and other orthogonal series), applications to the vibrating string, heat flow, potentials. Please consult the Faculty of Science Credit Exclusion List:https://vancouver.calendar.ubc.ca/faculties-colleges-and-schools/facult…[3-0-0] Prerequisite: One of MATH_V 215, MATH_V 255, MATH_V 256, MATH_V 258, MATH_O 225."
MATH_V 317,Calculus IV,"Parametrizations, inverse and implicit functions, integrals with respect to length and area; grad, div, and curl, theorems of Green, Gauss, and Stokes. Please consult the Faculty of Science Credit Exclusion List:https://vancouver.calendar.ubc.ca/faculties-colleges-and-schools/facult…[3-0-0] Prerequisite: One of MATH 200, MATH 226, MATH 253. One of MATH 152, MATH 221, MATH 223 is recommended."
MATH_V 318,Probability with Physical Applications,"Random variables, discrete and continuous distributions. Random walk, Markov chains, Monte Carlo methods. Characteristic functions, limit laws. Please consult the Faculty of Science Credit Exclusion List:https://vancouver.calendar.ubc.ca/faculties-colleges-and-schools/facult…[3-0-0] Prerequisite: One of MATH 152, MATH 221, MATH 223. Corequisite: One of MATH 256, MATH 257, MATH 316, MATH 358, MECH 358, PHYS 312."
MATH_V 319,Introduction to Real Analysis,"Ideas and methods of real analysis and their application. Countability and topology of the reals; convergence, continuity and differentiability of functions; metric spaces. Please consult the Faculty of Science credit exclusion list:https://vancouver.calendar.ubc.ca/faculties-colleges-and-schools/facult…[3-0-0] Prerequisite: Either (a) a score of 68% or higher in MATH 220 or (b) a score of 55% or higher in one of MATH 223, MATH 226."
MATH_V 320,Real Variables I,"The real number system; real Euclidean n-space; open, closed, compact, and connected sets; Bolzano-Weierstrass theorem; sequences and series. Continuity and uniform continuity. Differentiability and mean-value theorems. Please consult the Faculty of Science credit exclusion list:https://vancouver.calendar.ubc.ca/faculties-colleges-and-schools/facult…. [3-0-0] Prerequisite: Either (a) a score of 68% or higher in MATH_V 226 or (b) one of MATH_V 200, MATH_V 217, MATH_V 226, MATH_V 253, MATH_V 254 and a score of 80% or higher in MATH_V 220."
MATH_V 321,Real Variables II,"The Riemann or Riemann-Stieltjes integrals. Sequences and series of functions, uniform convergence. Approximation of continuous functions by polynomials. Fourier series. Functions from Rm to Rn , inverse and implicit function theorems. [3-0-0] Prerequisite: MATH 320."
MATH_V 322,Introduction to Group Theory,"Groups, cosets, homomorphisms, group actions, p-groups, Sylow theorems, composition series, finitely generated Abelian groups. Please consult the Faculty of Science credit exclusion list:https://vancouver.calendar.ubc.ca/faculties-colleges-and-schools/facult…. [3-0-0] Prerequisite: Either (a) a score of 68% or higher in one of MATH_V 223, MATH_V 310 or (b) one of MATH_V 152, MATH_V 221, MATH_V 223 and a score of 80% or higher in MATH_V 220."
MATH_V 323,Introduction to Rings and Modules,"Rings, ideals, unique factorization, Euclidean rings, fields, polynomial rings, modules; structure theory of modules over a principal ideal domain. [3-0-0] Prerequisite: MATH 322."
MATH_V 329,Introduction to Abstract Algebra,"Ideas and methods of group theory and their applications. Groups, subgroups, and cosets; homomorphisms, isomorphisms, and associated theorems. Consult the Faculty of Science Credit Exclusion List:https://vancouver.calendar.ubc.ca/faculties-colleges-and-schools/facult…[3-0-0] Prerequisite: Either (a) one of MATH_V 152, MATH_V 221, and one of MATH_V 220, MATH_V 226, CPSC_V 121, or (b) MATH_V 223"
MATH_V 335,Introduction to Mathematics,"Intensive course with required tutorial. Combinatorics, probability, geometry and elementary number theory. Not for credit in the Faculty of Science. Students who obtain credit at UBC for any other mathematics course cannot in the same or later years obtain credit for MATH 335. Please consult the Faculty of Science Credit Exclusion List:https://vancouver.calendar.ubc.ca/faculties-colleges-and-schools/facult…[3-0-2]"
MATH_V 340,Introduction to Linear Programming,"Linear programming problems, dual problems, the simplex algorithm, solution of primal and dual problems, sensitivity analysis. Additional topics chosen from: Karmarkar's algorithm, non-linear programming, game theory, applications. [3-0-0] Prerequisite: One of MATH_V 152, MATH_V 221, MATH_V 223, MATH_O 222."
MATH_V 341,Introduction to Discrete Mathematics,"Introduction to ideas and methods of discrete mathematics and their application. [3-0-0] Prerequisite: One of MATH_V 220, MATH_V 223, MATH_V 226, CPSC_V 121, MATH_O 220, MATH_O 222."
MATH_V 342,Algebra and Coding Theory,"Error-correcting codes via abstract and linear algebra. Emphasis on proofs and computation. Finite fields, Hamming distance and error-correction, upper and lower bounds on the size of a code, linear codes, groups and cosets, encoding and decoding schemes. [3-0-0] Prerequisite: Either (a) one of MATH_V 152, MATH_V 221 and one of MATH_V 220, MATH_V 226, CPSC_V 121, MATH_O 220; or (b) one of MATH_V 223, MATH_O 222."
MATH_V 344,Mathematical Game Theory,"Introduction to mathematical game theory and its applications. [3-0-0] Prerequisite: Either (a) one of MATH_V 152, MATH_V 221 and one of MATH_V 220, MATH_V 226, CPSC_V 121, MATH_O 220; or (b) one of MATH_V 223, MATH_O 222."
MATH_V 345,Applied Nonlinear Dynamics and Chaos,"Phase plane methods, bifurcation and stability theory, limit-cycle behavior and chaos for nonlinear differential equations with applications to the sciences. Assignments involve the use of computers. [3-1-0] Prerequisite: A score of 68% or higher in one of MATH 215, MATH 255, MATH 256, MATH 258."
MATH_V 358,Engineering Analysis,"Fourier series; auto- and cross-correlation; power spectra; discrete Fourier transform; boundary-value problems; numerical methods; partial differential equations; heat, wave, Laplace, Poisson, and wave equations. Applications to mechanical engineering and practical computing applications emphasized. Credit will be granted for only one of MECH 358 or MATH 358. [3-2*-0] Prerequisite: All of MECH 224, MECH 225. Equivalency: MECH358"
MATH_V 360,Introduction to Mathematical Modelling,"Construction and evaluation of deterministic, stochastic, and data-driven models. Software-assisted simulations and numerical solutions involving ordinary differential equations, stochastic processes, and basic machine learning algorithms. Examples from science, engineering, and economics. [3-0-0] Prerequisite: One of MATH 200, MATH 217, MATH 226, MATH 253, MATH 254 and one of MATH 210, CPSC 203, CPSC 210 and one of MATH 215, MATH 255, MATH 256, MATH 258."
MATH_V 361,Introduction to Mathematical Biology,"Mathematical modelling of basic biological processes in ecology, physiology, neuroscience and genetics. Dynamic behavior of difference equations, differential equations, and partial differential equations, explained with reference to concrete biological examples. [3-0-0] Prerequisite: One of BIOL 301, MATH 215, MATH 255, MATH 256, MATH 258."
MATH_V 398,Co-operative Work Placement I,Approved and supervised technical work experience involving mathematics in industry for a minimum of 3.5 months. Technical report required. Restricted to students admitted to the Mathematics Co-operative Education Program.This course is not eligible for Credit/D/Fail grading.
MATH_V 399,Co-operative Work Placement II,Approved and supervised technical work experience involving mathematics in industry for a minimum of 3.5 months. Technical report required. Restricted to students admitted to the Mathematics Co-operative Education Program. Prerequisite: MATH_V 398.This course is not eligible for Credit/D/Fail grading.
MATH_V 400,Applied Partial Differential Equations,"Separation of variables, first order equations, Sturm-Liouville theory, integral transform methods. [3-0-0] Prerequisite: One of MATH 300, MATH 305 and one of MATH 256, MATH 257, MATH 316, MATH 358, MECH 358, PHYS 312."
MATH_V 401,Green's Functions and Variational Methods,"Green's functions for partial differential equations. Calculus of variations. Eigenfunction expansions. Rayleigh-Ritz and finite element methods. See Faculty of Science credit exclusion list:https://vancouver.calendar.ubc.ca/faculties-colleges-and-schools/facult…[3-0-0] Prerequisite: Either (a) a score of 80% or higher in one of MATH 256, MATH 257, MATH 316, MATH 358, MECH 358, PHYS 312 or (b) MATH 400."
MATH_V 402,Calculus of Variations,"Classical variational problems; necessary conditions of Euler, Weierstrass, Legendre, and Jacobi; Erdmann corner conditions, transversality, convex Lagrangians, fields of extremals, sufficient conditions for optimality, numerical methods; applications to classical mechanics, engineering and economics. Recommended pre-requisites: a score of 68% or higher in one of MATH 301, MATH 320, or, a score of 80% or higher in MATH 319. [3-0-0]"
MATH_V 403,Stabilization and Optimal Control of Dynamical Systems,"Dynamical systems; stability by Liapunov's direct method; controllability and eigenvalue assignment for autonomous linear systems; linear-quadratic regulator, time optimal control, Pontryagin maximum principle, dynamic programming; applications in engineering, economics and resource management. Recommended pre-requisites: MATH 402, and one of (a) a score of 68% or higher in one of MATH 301, MATH 320, or (b) a score of 80% or higher in MATH 319. [3-0-0]"
MATH_V 404,Harmonic Analysis I,"Harmonic analysis on Euclidean spaces, with applications to number theory, partial differential equations and geometric measure theory. [3-0-0] Prerequisite: MATH 300 and a score of 68% or higher in MATH 321. Corequisite: MATH 420."
MATH_V 405,Numerical Methods for Differential Equations,"Interpolation, numerical integration, numerical solution of ordinary and partial differential equations. Practical computational methods emphasized and basic theory developed through simple models. See Faculty of Science credit exclusion list:https://vancouver.calendar.ubc.ca/faculties-colleges-and-schools/facult…[3-0-0] Prerequisite: One of MATH 256, MATH 257, MATH 316, MATH 358, MECH 358, PHYS 312."
MATH_V 406,Variational and Approximate Methods in Applied Mathematics,"Variational and Green's function methods for ordinary and partial differential equations, introduction to finite difference, finite element and boundary element methods. See Faculty of Science Credit exclusion list:https://vancouver.calendar.ubc.ca/faculties-colleges-and-schools/facult…[3-0-0] Prerequisite: One of MATH 307, CPSC 302 and either (a) a score of 80% or higher in one of MATH 256, MATH 257, MATH 316, MATH 358, MECH 358, PHYS 312 or (b) MATH 400."
MATH_V 412,Advanced Linear Algebra,"Topics include decompositions of linear operators, multilinear algebra, bilinear forms, metric spaces. [3-0-0] Prerequisite: A score of 68% or higher in MATH 322 and either (a) a score of 68% or higher in MATH 320 or (b) a score of 80% or higher in MATH 319."
MATH_V 414,Mathematical Demonstrations,Students will prepare material illustrating ideas and applications of mathematics and present it to audiences outside the University. Intended for third or fourth year Mathematics students and Math/Science Education students. [2-0-0; 1-0-0] or [3-0-0] Prerequisite: 24 credits in MATH.
MATH_V 418,Probability,"Probability spaces, random variables, distributions, expectation, conditional probabilities, convergence of random variables, generating and characteristic functions, weak and strong laws of large numbers, central limit theorem. [3-0-0] Prerequisite: MATH 321. Prerequisite grade requirement: 68% in MATH321."
MATH_V 419,Stochastic Processes,"Random walks, Markov chains, branching processes, Poisson processes, continuous time Markov chains, martingales, Brownian motion. [3-0-0] Prerequisite: MATH_V 418."
MATH_V 420,Real Analysis I,"Sigma-algebras, Lebesgue measure, Borel measures, measurable functions, integration, convergence theorems, Lp spaces, Holder and Minkowski inequalities, Lebesgue and/or Radon-Nikodym differentiation. [3-0-0] Prerequisite: MATH 321. Prerequisite grade requirement: 68% in MATH321."
MATH_V 421,Real Analysis II,"Banach spaces, linear operators, bounded and compact operators, strong, weak, and weak* topology. Hahn-Banach, open mapping, and closed graph theorems. Hilbert spaces, symmetric and self-adjoint operators, spectral theory for bounded operators. [3-0-0] Prerequisite: MATH_V 420."
MATH_V 422,Fields and Galois Theory,"Field extensions, the Galois correspondence, finite fields, insolvability in radicals, ruler and compass constructions, additional topics chosen by instructor. [3-0-0] Prerequisite: MATH 323."
MATH_V 423,Commutative Algebra,"Commutative algebra; homological algebra or representation theory of finite groups. [3-0-0] Prerequisite: MATH 323 and a score of 68% or higher in one of MATH 412, MATH 422."
MATH_V 424,Classical Differential Geometry,"The differential geometry of curves and surfaces in three-dimensional Euclidean space. Mean curvature and Gaussian curvature. Geodesics. Gauss's Theorema Egregium. [3-0-0] Prerequisite: Either (a) a score of 68% or higher in MATH 223 or (b) a score of 80% or higher in one of MATH 152, MATH 221; and either (a) a score of 68% or higher in MATH 227 or (b) a score of 80% or higher in one of MATH 217, MATH 254, MATH 264, MATH 317."
MATH_V 425,Introduction to Modern Differential Geometry,"Smooth manifolds, smooth maps, immersions and submersions, vector fields, vector bundles, tangent and cotangent bundles, tensors and differential forms, orientation of manifolds, integration of forms, and selected topics. [3-0-0] Prerequisite: One of MATH 221, MATH 223 and one of MATH 217, MATH 227, MATH 254, MATH 264, MATH 317 and one of MATH 319, MATH 320."
MATH_V 426,Introduction to Topology,"General topology, combinatorial topology, fundamental group and covering spaces, topics chosen by the instructor. [3-0-0] Prerequisite: All of MATH 321, MATH 322. Prerequisite grade requirement: 68% in MATH322,MATH321."
MATH_V 427,Topics in Topology,"Homology theory, homotopy theory, manifolds, and other topics chosen by the instructor. [3-0-0] Prerequisite: MATH_V 426."
MATH_V 428,Mathematical Classical Mechanics I,"Newton's equation, conservation laws, the Euler-Lagrange equation; Hamilton's principle of least action, Hamilton's equations, Lagrangian mechanics on manifolds. [3-0-0] Prerequisite: One of MATH 215, MATH 255, MATH 256, MATH 258 and one of PHYS 216, PHYS 306, ENPH 270. Corequisite: MATH 320 (waived for students with a score of 80% or higher in MATH 319)."
MATH_V 430,Special Topics in Analysis,The student should consult the Mathematics Department for the particular topics offered in a given year. [3-0-0]
MATH_V 432,Special Topics in Algebra,The student should consult the Mathematics Department for the particular topics offered in a given year. [3-0-0]
MATH_V 437,Number Theory,"Divisibility, congruences, Diophantine equations, arithmetic functions, quadratic reciprocity, advanced topics. Please consult the Faculty of Science Credit Exclusion List:https://vancouver.calendar.ubc.ca/faculties-colleges-and-schools/facult…. [3-0-0] Corequisite: One of MATH 320 (waived for students with a score of 80% or higher in MATH 319), MATH 322."
MATH_V 440,Complex Analysis,"The residue theorem, the argument principle, conformal mapping, the maximum modulus principle, harmonic functions, representation of functions by integrals, series, and products. Other topics at the discretion of the instructor. [3-0-0] Prerequisite: MATH 300 and either (a) a score of 68% or higher in MATH 320 or (b) a score of 80% or higher in MATH 319 and permission of the Department Head in Mathematics."
MATH_V 441,Mathematical Modelling: Discrete Optimization Problems,"Formulation of real-world optimization problems using techniques such as linear programming, network flows, integer programming, dynamic programming. Solution by appropriate software. [3-0-0] Prerequisite: MATH_V 340."
MATH_V 442,Graphs and Networks,"Graph theory, emphasizing trees, tree growing algorithms, and proof techniques. Other topics chosen from shortest paths, maximum flows, minimum cost flows, matchings, and graph colouring. [3-0-0] Prerequisite: 3rd year standing and one of MATH 220, MATH 223, MATH 226 or CPSC 221."
MATH_V 443,Graph Theory,"Introductory course in mostly non-algorithmic topics including: planarity and Kuratowski's theorem, graph colouring, graph minors, random graphs, cycles in graphs, Ramsey theory, extremal graph theory. Proofs emphasized. Intended for Honours students. [3-0-0] Prerequisite: A score of 68% or higher in one of MATH 220, MATH 223, MATH 226, CPSC 121. And 6 credits of MATH numbered 300 or above."
MATH_V 444,Mathematical Research and Writing,"Current research topics in pure and applied mathematics are explored at the undergraduate level. Technical communication and research skills are developed. [3-0-0] Prerequisite: One of MATH_V 220, MATH_V 223, MATH_V 226, and 6 credits of MATH_V courses numbered 300 or higher."
MATH_V 446,Topics in the History of Mathematics I,"Historical development of concepts and techniques in areas chosen from Geometry, Number Theory, Algebra, Calculus, Probability, Analysis. The focus is on historically significant writings of important contributors and on famous problems of Mathematics. [3-0-0] Prerequisite: 21 credits of MATH."
MATH_V 448,Directed Studies in Mathematics,Introduction to the methods of mathematical research through an exploration of a mathematical topic under the supervision of a faculty member. Written report required. Prerequisite: Third- or fourth-year class standing and permission of the Department Head.
MATH_V 449,Honours Reading,Independent reading and research on a mathematical topic under the supervision of a faculty member. Intended for Honours students. Written report required. Prerequisite: Permission of the Department Head.
MATH_V 450,Asymptotic and Perturbation Methods,Asymptotic expansions. Asymptotic evaluation of integrals; WKBJ methods. Regular and singular expansions. Boundary layer theory; matched asymptotic expansions. Multiple scale techniques. [3-0-0] Prerequisite: MATH 400.
MATH_V 461,Projects in Mathematical Modelling,"Computational methods for mathematical modelling. Numerical methods for partial differential equations, stochastic processes, and data-driven models. Includes student-directed projects on current research and applications. [3-0-0] Prerequisite: Either (a) MATH 360 or (b) one of MATH 210, CPSC 203, CPSC 210 and one of MATH 345, MATH 361."
MATH_V 462,Projects in Mathematical Biology,"Development and analysis of mathematical models for complex systems in ecology, evolution, cell biology, neurophysiology, and other biological and medical disciplines. [3-0-0] Prerequisite: One of MATH 361, MATH 345."
MATH_V 498,Co-operative Work Placement III,Approved and supervised technical work experience involving mathematics in industry for a minimum of 3 1/2 months. Technical report required. Restricted to students admitted to the Mathematics Co-operative Education Program. Prerequisite: MATH_V 399.This course is not eligible for Credit/D/Fail grading.
MATH_V 499,Co-operative Work Placement IV,Approved and supervised technical work experience involving mathematics in industry for a minimum of 3 1/2 months. Technical report required. Restricted to students admitted to the Mathematics Co-operative Education Program. Prerequisite: MATH_V 498.This course is not eligible for Credit/D/Fail grading.
MATH_V 501,Algebra I,This course is not eligible for Credit/D/Fail grading.
MATH_V 502,Algebra II,This course is not eligible for Credit/D/Fail grading.
MATH_V 503,Discrete Mathematics,This course is not eligible for Credit/D/Fail grading.
MATH_V 507,Measure Theory and Integration,This course is not eligible for Credit/D/Fail grading.
MATH_V 508,Complex Analysis,This course is not eligible for Credit/D/Fail grading.
MATH_V 510,Functional Analysis,This course is not eligible for Credit/D/Fail grading.
MATH_V 511,Operator Theory and Applications,This course is not eligible for Credit/D/Fail grading.
MATH_V 512,Quantum Theory,This course is not eligible for Credit/D/Fail grading.
MATH_V 513,Mathematical Classical Mechanics,This course is not eligible for Credit/D/Fail grading.
MATH_V 514,Ordinary Differential Equations,This course is not eligible for Credit/D/Fail grading.
MATH_V 515,Partial Differential Equations of Fluid Mechanics,This course is not eligible for Credit/D/Fail grading.
MATH_V 516,Partial Differential Equations I,This course is not eligible for Credit/D/Fail grading.
MATH_V 517,Partial Differential Equations II,This course is not eligible for Credit/D/Fail grading.
MATH_V 519,Fluid Mechanics I,This course is not eligible for Credit/D/Fail grading.
MATH_V 520,Fluid Mechanics II,This course is not eligible for Credit/D/Fail grading.
MATH_V 521,Numerical Analysis of Partial Differential Equations,This course is not eligible for Credit/D/Fail grading.
MATH_V 522,Numerical Analysis,This course is not eligible for Credit/D/Fail grading.
MATH_V 523,Combinatorial Optimization,This course is not eligible for Credit/D/Fail grading.
MATH_V 525,Differential Geometry I,This course is not eligible for Credit/D/Fail grading.
MATH_V 526,Differential Geometry II,This course is not eligible for Credit/D/Fail grading.
MATH_V 527,Algebraic Topology I,This course is not eligible for Credit/D/Fail grading.
MATH_V 528,Algebraic Topology II,This course is not eligible for Credit/D/Fail grading.
MATH_V 529,Differential Topology,This course is not eligible for Credit/D/Fail grading.
MATH_V 530,Geometric Topology,This course is not eligible for Credit/D/Fail grading.
MATH_V 532,Algebraic Geometry I,This course is not eligible for Credit/D/Fail grading.
MATH_V 533,Algebraic Geometry II,This course is not eligible for Credit/D/Fail grading.
MATH_V 534,Lie Theory I,This course is not eligible for Credit/D/Fail grading.
MATH_V 535,Lie Theory II,This course is not eligible for Credit/D/Fail grading.
MATH_V 537,Elementary Number Theory,This course is not eligible for Credit/D/Fail grading.
MATH_V 538,Algebraic Number Theory,This course is not eligible for Credit/D/Fail grading.
MATH_V 539,Analytic Number Theory,This course is not eligible for Credit/D/Fail grading.
MATH_V 541,Harmonic Analysis I,This course is not eligible for Credit/D/Fail grading.
MATH_V 542,Harmonic Analysis II,This course is not eligible for Credit/D/Fail grading.
MATH_V 543,Discrete Harmonic Analysis,This course is not eligible for Credit/D/Fail grading.
MATH_V 544,Probability I,This course is not eligible for Credit/D/Fail grading.
MATH_V 545,Probability II,This course is not eligible for Credit/D/Fail grading.
MATH_V 546,Continuous Time Stochastic Processes,"Prerequisite: All of MATH_V 544, MATH_V 545.This course is not eligible for Credit/D/Fail grading."
MATH_V 547,Optimal Control Theory,"Optimal control of systems governed by ordinary differential equations. The control problem will be carefully stated, and existence results and necessary conditions will be established. Hamilton-Jacobi-Bellman theory will be introduced.This course is not eligible for Credit/D/Fail grading."
MATH_V 548,Discrete Random Processes,"Prerequisite: All of MATH_V 544, MATH_V 545.This course is not eligible for Credit/D/Fail grading."
MATH_V 549,Thesis for Master's Degree,This course is not eligible for Credit/D/Fail grading.
MATH_V 550,Methods of Asymptotic Analysis,This course is not eligible for Credit/D/Fail grading.
MATH_V 551,Perturbation Methods for Differential Equations,Prerequisite: MATH_V 550. Ordinary and partial differential equations (MATH_V 400 or equivalent).This course is not eligible for Credit/D/Fail grading.
MATH_V 552,Introduction to Dynamical Systems,"Ideas, methods and applications of bifurcation theory and dynamical systems: differential and difference equations, local bifurcations, perturbation methods, chaos. Recommended pre-requisites: one of MATH_V 215, MATH_V 255, MATH_V 256 and one of MATH_V 256, MATH_V 257, MATH_V 316.This course is not eligible for Credit/D/Fail grading."
MATH_V 553,Advanced Dynamical Systems,"Topics from: hyperbolic invariant sets and symbolic dynamics, global bifurcations, local bifurcations for partial differential equations, multiple bifurcations, bifurcations and symmetry, applications. Prerequisite: MATH_V 552.This course is not eligible for Credit/D/Fail grading."
MATH_V 554,Symmetries and Differential Equations,"Dimensional analysis, modelling, and invariance. Lie groups of transformations, infinitesimal transformations. Applications to ordinary and partial differential equations. No knowledge of group theory will be assumed. Recommended pre-requisite: elementary courses in differential equations and linear algebra.This course is not eligible for Credit/D/Fail grading."
MATH_V 555,Compressed Sensing,This course is not eligible for Credit/D/Fail grading.
MATH_V 556,Industrial Mathematical Modelling,This course is not eligible for Credit/D/Fail grading.
MATH_V 557,Linear and Nonlinear Waves,Classical and recent results in linear and nonlinear waves. Geometrical acoustics and kinematic waves; large amplitude waves in weakly stratified media; small amplitude waves in strongly stratified media. Dispersive waves; group velocity; applications. Recommended pre-requisites: MATH_V 400 and some knowledge of either fluid mechanics or elasticity.This course is not eligible for Credit/D/Fail grading.
MATH_V 559,Complex Fluids,This course is not eligible for Credit/D/Fail grading.
MATH_V 560,Mathematical Biology,"Mathematical methods in modelling biological processes, at levels from cell biochemistry to community ecology.This course is not eligible for Credit/D/Fail grading."
MATH_V 561,Mathematics of Infectious Diseases and Immunology,Mathematical models for disease spread in populations. Within-host infectious disease dynamics. Models of the immune system and immune cells.This course is not eligible for Credit/D/Fail grading.
MATH_V 562,Mathematical Electrophysiology,"Formulation and analysis of models of excitable media. FitzHugh-Nagumo model, ionic models of membrane excitability (e.g., Hodgkin-Huxley), calcium excitability, bursting phenomena.This course is not eligible for Credit/D/Fail grading."
MATH_V 563,Modelling of Cell-Scale Biology,"Concepts and techniques for modelling cellular and subcellular dynamics in biological systems. Topics may include complex biochemical systems, biopolymers in cell motility and division, continuum mechanics, and membrane dynamics.This course is not eligible for Credit/D/Fail grading."
MATH_V 564,Evolutionary Dynamics,"Mathematical models of evolution and evolutionary game theory. Stochastic dynamics in finite populations, dynamics in spatially structured populations, and adaptive dynamics. Applications include the origin of species and the problem of cooperation.This course is not eligible for Credit/D/Fail grading."
MATH_V 566,Theory of Optimal Transportation,This course is not eligible for Credit/D/Fail grading.
MATH_V 567,Nonlinear Wave Equations,This course is not eligible for Credit/D/Fail grading.
MATH_V 589,M.Sc. Major Essay,This course is not eligible for Credit/D/Fail grading.
MATH_V 590,Graduate Seminar,Presentation and discussion of recent results in the mathematical literature.This course is not eligible for Credit/D/Fail grading.
MATH_V 591,Graduate Seminar in Applied Mathematics,This course is not eligible for Credit/D/Fail grading.
MATH_V 592,Topics in Automorphic Forms,This course is not eligible for Credit/D/Fail grading.
MATH_V 599,Mathematics Teaching Techniques,[3-0-0].This course is not eligible for Credit/D/Fail grading.
MATH_V 600,Topics in Algebra,This course is not eligible for Credit/D/Fail grading.
MATH_V 601,Topics in Analysis,This course is not eligible for Credit/D/Fail grading.
MATH_V 602,Topics in Geometry,This course is not eligible for Credit/D/Fail grading.
MATH_V 603,Topics in Topology,This course is not eligible for Credit/D/Fail grading.
MATH_V 604,Topics in Optimization,This course is not eligible for Credit/D/Fail grading.
MATH_V 605,Topics in Applied Mathematics,This course is not eligible for Credit/D/Fail grading.
MATH_V 606,Topics in Differential Equations,This course is not eligible for Credit/D/Fail grading.
MATH_V 607,Topics in Numerical Analysis,This course is not eligible for Credit/D/Fail grading.
MATH_V 608,Topics in Probability,This course is not eligible for Credit/D/Fail grading.
MATH_V 609,Topics in Mathematical Physics,This course is not eligible for Credit/D/Fail grading.
MATH_V 610,Topics in Pure Mathematics,This course is not eligible for Credit/D/Fail grading.
MATH_V 612,Topics in Mathematical Biology,This course is not eligible for Credit/D/Fail grading.
MATH_V 613,Topics in Number Theory,This course is not eligible for Credit/D/Fail grading.
MATH_V 615,Topics in Algebraic Geometry,This course is not eligible for Credit/D/Fail grading.
MATH_V 616,Topics in Discrete Mathematics,This course is not eligible for Credit/D/Fail grading.
MATH_V 620,Directed Studies in Mathematics,This course is not eligible for Credit/D/Fail grading.
MATH_V 649,Doctoral Dissertation,This course is not eligible for Credit/D/Fail grading.
MICB_V 201,Introductory Environmental Microbiology,"Prokaryotic diversity and the impact and applications of bacterial and archaeal metabolic, genetic, and growth processes in environmental contexts. [3-0-0] Prerequisite: One of BIOL 112, BIOL 200, SCIE 001. For students with BIOL 112, CHEM 121 is recommended."
MICB_V 202,Introductory Medical Microbiology and Immunology,"Introduction to cellular and humoral immune responses, the properties of viruses and the principles of bacterial pathogenesis. (Consult the Credit Exclusion list within the Faculty of Science section of the Calendar.) [3-0-0] Prerequisite: One of BIOL 112, BIOL 200, BMEG 245, MICB 201, SCIE 001."
MICB_V 203,Basic Microbiology Laboratory,"Procedures and principles associated with isolation, characterization and handling of microorganisms. Intended for students requiring a basic microbiology laboratory course. [1*-3-1*] Prerequisite: One of BIOL 112, SCIE 001."
MICB_V 205,Fundamental Data Science in Microbiology and Immunology,Foundations in data science course that incorporates the use of biological data science tools to perform survey-level analysis of microbiology and immunology datasets. [3-0-0] Prerequisite: DSCI_V 100 or DATA_O 101.This course is not eligible for Credit/D/Fail grading.
MICB_V 211,Foundations of Microbiology,"Prokaryotic diversity and the impact and applications of microbial metabolic, genetic, and growth processes in environmental contexts. Bacteria-human interactions in health and disease, mode of action of antibiotics and antibiotic resistance, virulence factors of bacteria, and host response to infection. [3-0-1] Prerequisite: Either (a) all of BIOL_V 112, CHEM_V 121 or (b) one of BIOL_V 200, BMEG_V 245, SCIE_V 001, BIOL_O 200."
MICB_V 212,Introductory Immunology & Virology,"Innate and adaptive immune responses to bacterial and viral pathogens, autoimmunity, allergies and graft rejection; virus structure, replication cycles, pathogenesis and vaccines; data analysis of foundational immunology and virology experiments. [3-0-1] Prerequisite: One of BIOL 112, BIOL 200, BMEG 245, SCIE 001."
MICB_V 301,Microbial Ecophysiology,"Dynamics and control of prokaryotic cellular processes in response to the biotic and abiotic environment including metabolic interactions and metabolic cooperation between microorganisms. [3-0-1] Prerequisite: Either (a) one of MICB 211, MICB 201 and one of BIOL 201, BIOC 202, BIOC 203; or (b) BIOT 380."
MICB_V 302,Immunology,"Mechanisms of innate and adaptive immune responses. Hematopoiesis, development of T and B lymphocytes, leukocyte migration, antigen processing/presentation and the major histocompatibility complex, immune responses against pathogens, and diseases associated with aberrant immune responses. [3-0-1] Prerequisite: One of MICB 212, MICB 202."
MICB_V 305,Data Science in Microbiology and Immunology Research,A team-based data science research experience in microbiology and immunology. [3-0-1] Prerequisite: MICB_V 205 and 3rd-year class standing.This course is not eligible for Credit/D/Fail grading.
MICB_V 306,Molecular Virology,"Cellular and molecular virology of select human viral pathogens, emphasizing host–virus interactions and antiviral strategies. [3-0-1] Prerequisites: a) One of BIOL_V 200, BMEG_V 245, BIOT_V 380 and b) one of MICB_V 212, MICB_V 202."
MICB_V 308,Paradigms in Bacterial Pathogenesis,"Mechanisms of bacterial pathogenesis including adherence, invasion, intracellular survival, toxins, host defenses and microbial evasion strategies, antibiotics, and vaccines. Introduction to experimental approaches used to study bacterial pathogens. [3-0-0] Prerequisite: Either (a) one of MICB 211, MICB 202 and one of BIOL 201, BIOC 202, BIOC 203; or (b) BIOT 380."
MICB_V 322,Molecular Microbiology Laboratory,Application of foundational skills to common techniques used in classical and molecular microbiology. Restricted to students in Microbiology and Immunology specializations. [2-4-0] Prerequisites: MICB_V 211 (or 201).
MICB_V 323,Molecular Immunology and Virology Laboratory,"Genetic manipulations of bacteria, introductory immunological and virological procedures, tissue culture. Restricted to students in Microbiology and Immunology specializations. [2-4-0] Prerequisite: [MICB322]"
MICB_V 325,Analysis of Microbial Genes and Genomes,"Genetic, molecular biological and bioinformatic approaches for the analysis of microbial genomes, gene structure-function and gene expression with emphasis on bacteria. [3-0-0] Prerequisite: One of MICB 211, MICB 201, BIOL 234."
MICB_V 353,Food Microbiology Laboratory,"Procedures and principles associated with isolation, enumeration, characterization and handling of microorganisms. Restricted to students registered in the Food Science program. [1-2-0] Prerequisite: One of BIOL 112, MICB 211, MICB 201, SCIE 001."
MICB_V 398,Co-operative Work Placement I,"Work experience. Restricted to students admitted to the Co-operative Education Program in the Biotechnology or Microbiology and Immunology specializations. Pass/Fail. Prerequisite: Either (a) one of MICB_V 211, MICB_V 201 and one of MICB_V 212, MICB_V 202; or (b) BIOT_V 380.This course is not eligible for Credit/D/Fail grading."
MICB_V 399,Co-operative Work Placement II,Work experience. Restricted to students admitted to the Co-operative Education Program in the Biotechnology or Microbiology and Immunology specializations. Pass/Fail. Prerequisite: MICB_V 398.This course is not eligible for Credit/D/Fail grading.
MICB_V 401,Environmental Microbiology Laboratory,Microbiological analysis of environmental samples using culture-dependent and culture-independent methods. [2-4-0] Prerequisite: MICB 322 and MICB 301.
MICB_V 402,Advanced Immunology,"Molecular basis of lymphocyte development, activation and adhesion; immunogenetics and the major histocompatibility complex. Consult the credit exclusion list within the Faculty of Science section of the calendar. [3-0-1] Prerequisite: One of MICB 302, BIOT 380. If MICB 302 is used as the prerequisite for MICB 402, students are required to take one of the following as a corequisite: BIOL 234, BIOL 335, MICB 325."
MICB_V 404,Topics in Molecular Bacterial Pathogenesis,"A lecture/discussion/library research course. Topics such as antibiotic resistance, pathogen genomics; host-pathogen interactions; evolution of pathogens; host responses to infection, invasive mechanisms, resistance mechanisms. [1-0-4] Prerequisite: MICB 302 and one of MICB 308, MICB 408."
MICB_V 405,Bioinformatics,"Computational methods to analyze genome and protein sequences to derive structural and functional information. Related topics in functional genomics. [3-0-1] Prerequisite: One of MICB 301, MICB 325, BIOC 302, BIOC 303, BIOL 335, BIOT 380."
MICB_V 406,Topics in Molecular Virology,"Presentations, library research, paper reviews, class discussions about current research in virology. Topics such as molecular targets in viral therapy; chronic viral infection; virus-host cell interaction. [1-0-4] Prerequisite: MICB 306."
MICB_V 407,Viral Infections in Humans.,Interactions between viruses and humans; pathogenesis; persistence and viral oncogenesis; virological diagnosis and treatment. (Consult the Credit Exclusion list within the Faculty of Science section of the Calendar.) [3-0-0] Prerequisite: MICB306
MICB_V 408,Advanced Bacterial Pathogenesis,"Current and emerging themes in bacterial pathogenesis including cellular microbiology, bacterial cell biology processes and their role in virulence including secretion systems to deliver virulence factors and immune evasion strategies employed by pathogens. Development of antibiotics and resistance to antibiotics. [3-0-0] Prerequisite: MICB 308."
MICB_V 412,Topics in Immunological Research,"Presentations, library research, paper reviews and class discussion on selected areas of advanced molecular and cellular immunological research. [1-0-4] Prerequisite: MICB_V 302."
MICB_V 413,Topics in Microbiome Research,"Critical examination and discussion of contemporary research literature concerning the impact of host-associated microbiomes on host development, health and disease with a focus on humans. Priority given to students in Microbiology and Immunology specializations. [3-0-0] Prerequisite: Either (a) MICB 302 and one of MICB 308, MICB 325, BIOL 335; or (b) BIOT 380. And fourth-year standing in Science."
MICB_V 418,Industrial Microbiology and Biotechnology,"Exploitation of microbial and animal cells for the industrial production of chemicals ranging from alcohol to therapeutic proteins. Genetic manipulation of cellular characteristics, fermentation methods, patenting and governmental approval processes. [3-0-0] Corequisite: One of BIOL 335, MICB 325, BIOT 380."
MICB_V 421,Experimental Microbiology,"Research in microbial physiology and molecular genetics. Guided and independent laboratory projects are developed. [2-4-0] Prerequisite: One of MICB 323, BIOT 380."
MICB_V 425,Microbial Ecological Genomics,"Intrinsic and extrinsic forces driving prokaryotic genome evolution. Gene transfer; microbial species concepts; community genome structure, function and dynamics; ecological impacts of microbial genome diversity. Emphasis on problem solving and experimental design. [3-3-0] Prerequisite: One of BIOL 335, MICB 325, BIOT 380."
MICB_V 430,Seminar in Microbiological Literature,Student seminars on selected papers from the microbiological literature.
MICB_V 447,Experimental Molecular Biology,"A laboratory course with a choice of independent, supervised research projects. Students develop protocols to carry out investigation of selected molecular biology problems. [2-4-0] Prerequisite: Either (a) BIOT 380 or (b) MICB 323 or (c) all of MICB 322, MICB 398."
MICB_V 448,Directed Research,"A library (3 credits) or laboratory (3 or 6 credits) project. Requires permission of the Undergraduate Advisor. The results are presented in a written report to be reviewed by oral examination. Prerequisite: Either (a) MICB_V 323 or (b) all of MICB_V 322, MICB_V 399."
MICB_V 449,Research Problem,"A laboratory investigation in the final year of the Honours program. The results are presented in a written report, to be reviewed by oral examination. Prerequisite: Either (a) MICB 323 or (b) all of MICB 322, MICB 399."
MICB_V 471,Laboratory Research in Microbiology and Immunology,"A team-based laboratory research experience in microbiology and immunology. [2-4-0] Prerequisite: One of MICB 323, BIOT 380."
MICB_V 475,Data Science Research in Microbiology and Immunology,"A team-based data science research experience in microbiology and immunology. [3-0-0] Prerequisite: Either (a) MICB 322 and one of MICB 325, BIOL 335; or (b) BIOT 380."
MICB_V 498,Co-operative Work Placement III,Work experience. Restricted to students admitted to the Co-operative Education Program in the Biotechnology or Microbiology and Immunology specializations. Pass/Fail. Prerequisite: Either (a) MICB_V 399 or (b) BIOT_V 380. And completion of two co-op work terms.This course is not eligible for Credit/D/Fail grading.
MICB_V 499,Co-operative Work Placement IV,"Work experience in an industrial research setting, taken during the Winter Session (Term 1) of fifth year. Restricted to students admitted to the Co-operative Education Program in the Biotechnology or Microbiology and Immunology specializations. Pass/Fail. Prerequisite: MICB_V 498.This course is not eligible for Credit/D/Fail grading."
MICB_V 502,Advanced Immunogenetics,Consult the Credit Exclusion List in the Faculty of Science section of the Calendar.This course is not eligible for Credit/D/Fail grading.
MICB_V 505,Molecular Microbiology,This course is not eligible for Credit/D/Fail grading.
MICB_V 506,Microbiological and Immunological Research,"Developing, discussing, and undertaking research projects. Oral communication skills, peer review skills, scientific ethics, and the ability to critically evaluate papers in the literature.This course is not eligible for Credit/D/Fail grading."
MICB_V 507,Topics in Molecular Pathogenesis and Immunology,This course is not eligible for Credit/D/Fail grading.
MICB_V 520,"Topics in Microbiology, Immunology and Virology","Selected topics in a specific area within Microbiology, Immunology and Virology. May be taken more than once for credit with permission of the department.This course is not eligible for Credit/D/Fail grading."
MICB_V 530,"Student Seminars in Microbiology, Immunology and Virology","Student seminars on selected papers from the microbiology, immunology and virology literature.This course is not eligible for Credit/D/Fail grading."
MICB_V 548,Directed Studies on an Approved Problem,This course is not eligible for Credit/D/Fail grading.
MICB_V 549,M.Sc. Thesis,This course is not eligible for Credit/D/Fail grading.
MICB_V 575,Data Science Research in Microbiology and Immunology,A team-based data science research experience in microbiology and immunology. Please consult the Faculty of Science Credit Exclusion List:https://vancouver.calendar.ubc.ca/faculties-colleges-and-schools/facult….This course is not eligible for Credit/D/Fail grading.
MICB_V 649,Doctoral Dissertation,This course is not eligible for Credit/D/Fail grading.
NSCI_V 140,The Learning Brain,"Applications and implications of neuroscience for society and the individual, with a focus on neuroplasticity and neuroeducation. Not for credit for students who have credit for, or are currently taking, NSCI_V 200. [3-0-0]"
NSCI_V 200,Fundamentals of Cellular and Molecular Neuroscience,"Introduction to the field of neuroscience in general, and the fields of cellular and molecular neuroscience in particular, with emphasis on neuroanatomy, neurophysiology, and neuropharmacology. [2-2-0] Prerequisite: One of: a) 2nd-year class standing or higher in the Neuroscience specialization, or b) 8 credits of CHEM_V 1st and 6 credits of BIOL_V 1st.This course is not eligible for Credit/D/Fail grading."
NSCI_V 201,Fundamentals of Behavioural and Cognitive Neuroscience,Emphasis on the relationship between behaviour or cognition and nervous system function. [2-2-0] Prerequisite: NSCI_V 200.This course is not eligible for Credit/D/Fail grading.
NSCI_V 210,Research Design for the Neurosciences,"A focus on research design relevant to the neurosciences, with an emphasis on engagement with the scientific process, from question formulation to knowledge translation. [3-0-1] Prerequisite: NSCI_V 200 and one of STAT_V 200, STAT_V 201, BIOL_V 300, PSYC_V 218, PSYO_O 271, STAT_O 205, STAT_O 230.This course is not eligible for Credit/D/Fail grading."
NSCI_V 300,Laboratory Techniques for the Neurosciences,"Laboratory techniques for investigating nervous system function, and for establishing relationships between nervous system function, behaviour, and cognition. Restricted to students in the Neuroscience specialization. [1-3-0] Prerequisite: NSCI_V 201.This course is not eligible for Credit/D/Fail grading."
NSCI_V 301,"Neuroscience, Ethics, and Society","Ethical issues associated with neuroscience, and the impact of neuroscience on society. [3-0-0] Prerequisite: One of NSCI_V 201, PSYC_V 304, PSYC_V 344, PSYC_V 370, BIOL_V 371.This course is not eligible for Credit/D/Fail grading."
NSCI_V 302,"Neurodiversity, Brain Injury, and Brain Illness","Conceptual frameworks, defining features, and neurobiological mechanisms of the diverse, injured, or diseased brain. [2-2-0] Prerequisite: One of NSCI_V 201, PSYC_V 304, PSYC_V 344, PSYC_V 371, BIOL_V 372.This course is not eligible for Credit/D/Fail grading."
NSCI_V 303,Foundations of Computational Neuroscience,"Foundations of computational neuroscience: neural modelling, simple neural networks, models of Hebbian learning, models of learning, clustering and classification. [3-0-0] Prerequisite: One of NSCI_V 201, PSYC_V 371, BIOL_V 371 and one of DSCI_V 100, CPSC_V 103, CPSC_V 110 and one of MATH_V 100, MATH_V 102, MATH_V 104, MATH_V 120, MATH_V 180, MATH_V 184."
NSCI_V 311,Advanced Neuroanatomy,"Detailed coverage of neuroanatomy, with applications [3-0-0] Prerequisite: One of NSCI_V 200, PSYC_V 371, BIOL_V 371.This course is not eligible for Credit/D/Fail grading."
NSCI_V 398,Cooperative Work Placement I,"Approved and supervised relevant work experience in an industrial, academic, or government setting for a minimum of 13 weeks, full-time. Normally taken in Summer Session after third year. Work term report required. Restricted to students admitted to the Co-op Program in Neuroscience. Prerequisite: Co-op workshops, and third-year standing in the neuroscience specialization.This course is not eligible for Credit/D/Fail grading."
NSCI_V 399,Cooperative Work Placement II,"Approved and supervised relevant work experience in an industrial, academic, or government setting for a minimum of 13 weeks, full-time. Normally taken in Term 1 of the 4th Year Winter Session. Work term report required. Restricted to students admitted to the Co-op Program in Neuroscience. Prerequisite: NSCI_V 398.This course is not eligible for Credit/D/Fail grading."
NSCI_V 400,Neuroscience Capstone,A capstone course to provide students with a rigorous neuroscience research experience under the supervision of one or more faculty members. Integrated support and feedback is provided by peers and faculty. [3-0-0; 3-0-0] Prerequisite: Restricted to students in the neuroscience specialization.This course is not eligible for Credit/D/Fail grading.
NSCI_V 401,Your Position in the Neurosciences,"Practices to promote equity, diversity, inclusion, and decolonization in the neurosciences, and exploration of one's positionality through historical and present-day neuroscience. [3-0-0] Prerequisites: One of BIOL_V 372, NSCI_V 201, PSYC_V 301, PSYC_V 304, PSYC_V 371."
NSCI_V 448,Directed Studies in Neuroscience,"Directed investigation of a neuroscience research question requiring a report of the findings. No more than six credits of NSCI_V 448 may be taken with the same supervisor. Prerequisite: At least a 70% average in the preceding 30 credits, permission of the supervisor, and permission of the director of the neuroscience specialization.This course is not eligible for Credit/D/Fail grading."
NSCI_V 486,Advanced Topics in Behavioural and Cognitive Neuroscience,Selected topics in Behavioural and Cognitive Neuroscience. May be taken more than once for credit with permission of the program. Prerequisite: Third-year standing in a Neuroscience specialization.
NSCI_V 487,Advanced Topics in Cellular and Molecular Neuroscience,Selected topics in Cellular and Molecular Neuroscience. May be taken more than once for credit with permission of the program. Prerequisite: Third-year standing in a Neuroscience specialization.
NSCI_V 488,Topics in Neuroscience,"Selected topics in a specific area within Neuroscience. May be taken more than once for credit with permission of the department. [3-0-0] Prerequisite: Third year standing in a Neuroscience specialization, and permission of an Advisor for the Undergraduate Program in Neuroscience."
NSCI_V 498,Cooperative Work Placement III,"Approved and supervised relevant work experience in an industrial, academic, or government setting for a minimum of 13 weeks, full-time. Normally taken in Term 2 of the 4th Year Winter Session. Work term report required. Restricted to students admitted to the Co-op Program in Neuroscience. Prerequisite: NSCI_V 399.This course is not eligible for Credit/D/Fail grading."
NSCI_V 499,Cooperative Work Placement IV,"Approved and supervised relevant work experience in an industrial, academic, or government setting for a minimum of 13 weeks, full-time. Normally taken in the Summer Session after 4th year. Work term report required. Restricted to students admitted to the Co-op Program in Neuroscience. Prerequisite: NSCI_V 498.This course is not eligible for Credit/D/Fail grading."
PHYS_V 100,Introductory Physics,"Kinematics, force, energy, momentum, use of graphs and vectors in physics; thermal energy, heat transfer, Earth's energy balance; electricity. Students with credit for Physics 12 may not obtain credit for this course unless they took AP, IB, or A-level Physics and were offered advanced credit for PHYS 100. [3-0-2] Prerequisite: Not open to students with credit for PHYS 12. Principles of Mathematics 12 or Pre-calculus 12 is required; Physics 11 is required for first-year students, strongly recommended for others."
PHYS_V 101,Energy and Waves,"Fluids, harmonic oscillator, travelling waves, standing waves, sound, and interference of light waves, including diffraction. [3-3*-1*] Prerequisite: One of PHYS 12, PHYS 100. Corequisite: One of MATH 100, MATH 102, MATH 104, MATH 110, MATH 120, MATH 180, MATH 184."
PHYS_V 102,"Electricity, Light and Radiation","Introduction to optics, electricity and magnetism, electric circuits, radioactivity, including biological applications. [3-3*-1*] Prerequisite: One of PHYS_V 101, PHYS_V 107. Corequisite: One of MATH_V 101, MATH_V 103, MATH_V 105, MATH_V 121."
PHYS_V 106,Enriched Physics 1 (lecture),"Classical mechanics including conservation laws, angular momentum of rigid bodies and simple harmonic motion, wave phenomena, with an introduction to special relativity, quantum mechanics, nuclear physics, statistical mechanics and solid state physics. [3-0-1] Prerequisite: Either (a) a score more than 85% in all of PHYS 12, MATH 12 or (b) a score more than 85% in all of PHYS 12, PREC 12 or (c) a score more than 85% in all of PHYS 12, CALC 12 or (d) a score more than 85% in PHYS 100. PHYS 12 = Physics 12; MATH 12 = Principles of Mathematics 12; PREC 12 = Pre-Calculus 12; CALC 12 = Calculus 12. Corequisite: One of MATH 100, MATH 102, MATH 104, MATH 120, MATH 180, MATH 184."
PHYS_V 107,Enriched Physics 1,"Classical mechanics including conservation laws, angular momentum of rigid bodies and simple harmonic motion, wave phenomena, with an introduction to special relativity, quantum mechanics, nuclear physics, statistical mechanics and solid state physics. [3-3*-1*] Prerequisite: Either (a) a score of 85% or higher in all of PHYS 12, MATH 12 or (b) a score of 85% or higher in all of PHYS 12, PREC 12 or (c) a score of 85% or higher in all of PHYS 12, CALC 12 or (d) a score of 85% or higher in PHYS 100. MATH 12 = Principles of Mathematics 12; PREC 12 = Pre-Calculus 12; CALC 12 = Calculus 12; PHYS 12 = Physics 12. Corequisite: One of MATH_V 100, MATH_V 102, MATH_V 104, MATH_V 120, MATH_V 180, MATH_V 184."
PHYS_V 108,Enriched Physics II,"Electricity and magnetism, electrical circuits, induction, electromagnetic waves, Maxwell's equations and applications. [3-0-1] Prerequisite: Either (a) one of PHYS_V 106, PHYS_V 107 or (b) a score of 85% or higher in one of PHYS_V 101, PHYS_V 117, PHYS_V 131. Corequisite: One of MATH_V 101, MATH_V 103, MATH_V 105, MATH_V 121."
PHYS_V 109,Enriched Experimental Physics,"A laboratory course accompanying PHYS 108 with emphasis on data collection and analysis and experimental techniques. [0-3-0] Prerequisite: PHYS 107. Corequisite: One of PHYS 108, PHYS 118."
PHYS_V 117,Dynamics and Waves,"Kinematics including curvilinear motion. Forces and Newton's laws of motion. Work-energy theorem, conservation of energy. Conservation of momentum, collisions. Torque, rotational dynamics, angular momentum. Oscillations and waves. [3-0-2] Prerequisite: One of PHYS 12, PHYS_V 100, PHYS_O 112. Corequisite: One of MATH_V 100, MATH_V 102, MATH_V 104, MATH_V 110, MATH_V 120, MATH_V 180, MATH_V 184, MATH_O 100."
PHYS_V 118,"Electricity, Light and Radiation","Optics, electricity and magnetism, electric circuits, electromagnetic waves. [3-0-1] Prerequisite: One of PHYS_V 101, PHYS_V 106, PHYS_V 107, PHYS_V 117, PHYS_V 131, PHYS_V 157 and one of MATH_V 100, MATH_V 102, MATH_V 104, MATH_V 110, MATH_V 120, MATH_V 180, MATH_V 184. Corequisite: One of MATH_V 101, MATH_V 103, MATH_V 105, MATH_V 121."
PHYS_V 119,Experimental Physics Lab I,"Introductory laboratory course, with emphasis on data collection, data analysis techniques, and scientific reasoning. [0-3-0] Prerequisite: One of PHYS 12, PHYS_V 100, PHYS_O 112. Corequisite: One of MATH_V 100, MATH_V 102, MATH_V 104, MATH_V 110, MATH_V 120, MATH_V 180, MATH_V 184, MATH_O 100."
PHYS_V 129,Experimental Physics Lab II,"A second laboratory course emphasizing the synthesis and development of further sophistication around the data collection, data analysis techniques and scientific reasoning developed in PHYS 119. [0-3-0] Prerequisite: One of PHYS 107, PHYS 119."
PHYS_V 131,Energy and Waves (Lecture),"Fluids, harmonic oscillator, travelling waves, standing waves, sound, and interference of light waves, radioactivity including biological applications. [3-0-1] Prerequisite: One of PHYS 12, PHYS_V 100, PHYS_O 112. Corequisite: One of MATH_V 100, MATH_V 102, MATH_V 104, MATH_V 110, MATH_V 120, MATH_V 180, MATH_V 184, MATH_O 100."
PHYS_V 153,Elements of Physics,"Thermometry, thermal properties of matter, heat, oscillations, waves, sound, wave optics; geometrical optics, elementary electricity and magnetism, simple DC and AC circuits. [3-0-1; 3-3-1] Prerequisite: One of PHYS 12, PHYS 100. Corequisite: One of MATH 100, MATH 102, MATH 104, MATH 110, MATH 120, MATH 180, MATH 184."
PHYS_V 157,Introductory Physics for Engineers I,"Heat, thermodynamics, oscillations, waves, and sound. [3-0-1] Prerequisite: One of PHYS 12, PHYS 100. Corequisite: One of MATH 100, MATH 102, MATH 104, MATH 110, MATH 120, MATH 180, MATH 184."
PHYS_V 158,Introductory Physics for Engineers II,"Electricity and magnetism, DC and AC circuits, optics. [3-0-1] Prerequisite: PHYS 157. Corequisite: One of MATH 101, MATH 103, MATH 105, MATH 121."
PHYS_V 159,Introductory Physics Laboratory for Engineers,"A laboratory course with emphasis on experimental design, measurement and analysis techniques. [0-3-0] Prerequisite: One of PHYS 12, PHYS 100. Corequisite: One of PHYS 157, PHYS 158."
PHYS_V 170,Mechanics I,"Statics of particles, equilibrium or rigid bodies, rigid body statics and internal forces, trusses; kinematics: rectilinear motion; dynamics: Newton's second law, friction, impulse, momentum, work and energy. Recommended pre-requisites: one of PHYS 12, PHYS 100 and one of MATH 100, MATH 102, MATH 104, MATH 110, MATH 120, MATH 180, MATH 184. Recommended co-requisite: one of MATH 101, MATH 103, MATH 105, MATH 121. [3-0-1]"
PHYS_V 200,Relativity and Quanta,"Special relativity: Lorentz transformation, dynamics and conservation laws. Quantum physics: the experimental evidence for quantization; a qualitative discussion of the concepts of quantum mechanics and their application to simple systems of atoms and nuclei. [4-0-0] Prerequisite: Either (a) one of PHYS_V 102, PHYS_V 108, PHYS_V 118, PHYS_V 158, PHYS_V 153 and one of MATH_V 101, MATH_V 103, MATH_V 105, MATH_V 121, MATH_O 101, MATH_O 103; or (b) SCIE 001."
PHYS_V 203,Thermal Physics I,"Fundamentals of thermodynamics and statistical physics; entropy, laws of thermodynamics, heat engines, free energy, phase transitions, Boltzmann statistics, quantum statistics. [4-0-0] Prerequisite: One of PHYS_V 102, PHYS_V 108, PHYS_V 118, PHYS_V 153, PHYS_V 158, SCIE_V 001. Corequisite: One of MATH_V 200, MATH_V 217, MATH_V 226, MATH_V 253, MATH_V 254, MATH_O 200."
PHYS_V 209,Intermediate Experimental Physics,"Use of analog electronics and amplifiers, digital electronics and analog-to-digital conversion and the use of computers in data analysis and simulations in thermodynamic, electronic and modern physics experiments. [0-3-1*] Prerequisite: Either (a) all of PHYS 108, PHYS 109 or (b) one of PHYS 102, PHYS 153 or (c) SCIE 001 or (d) all of PHYS 158, PHYS 159 or (e) all of PHYS 118, PHYS 119 or (f) all of PHYS 108, PHYS 119. Corequisite: One of MATH 215, MATH 255, MATH 256, MATH 258 and one of MATH 200, MATH 217, MATH 226, MATH 253, MATH 254."
PHYS_V 210,Introduction to Computational Physics,"Introduction to UNIX/Linux; software tools for processing, fitting and displaying data; numerical methods and application in the physical sciences. [2-3-0] Prerequisite: One of PHYS_V 102, PHYS_V 108, PHYS_V 118, PHYS_V 153, PHYS_V 158, SCIE_V 001. Corequisite: One of MATH_V 152, MATH_V 221, MATH_V 223, MATH_O 222."
PHYS_V 216,Intermediate Mechanics,"Review of kinematics, Newton's laws, angular momentum and fixed axis rotation. Rigid body motion, central forces, non-inertial frames of reference. Introduction to Lagrangian and Hamiltonian mechanics. [3-0-1] Prerequisite: One of PHYS_V 106, PHYS_V 107, PHYS_V 117, PHYS_V 170, SCIE_V 001, PHYS_O 111 and one of MATH_V 152, MATH_V 221, MATH_V 223, MATH_O 222. Corequisite: One of MATH_V 200, MATH_V 217, MATH_V 226, MATH_V 253, MATH_V 254, MATH_O 200."
PHYS_V 219,Intermediate Experimental Physics I,"Analog electronics and amplifiers, digital electronics, analog-to-digital converters and an introduction to use of computers in data analysis and simulations. [1-3-0] Prerequisite: Either (a) one of PHYS_V 108, PHYS_V 118 and one of PHYS_V 109, PHYS_V 119 or (b) PHYS_V 102 or (c) all of PHYS_V 158, PHYS_V 159 or (d) SCIE_V 001. Corequisite: One of MATH_V 200, MATH_V 217, MATH_V 226, MATH_V 253, MATH_O 200."
PHYS_V 229,Intermediate Experimental Physics II,"Thermodynamics experiments, modern physics experiments and use of computers in data analysis. [0-3-1*] Prerequisite: PHYS_V 219. Corequisite: MATH_V 215 or MATH_O 225."
PHYS_V 250,Introduction to Modern Physics,"Wave-particle duality of matter, special relativity, processes in atomic, nuclear and solid state, and introduction to quantum mechanical devices and techniques. [3-0-1] Prerequisite: One of PHYS 102, PHYS 108, PHYS 118, PHYS 158, PHYS 153, SCIE 001."
PHYS_V 298,Co-operative Work Placement I,Approved and supervised technical work experience in an industrial research setting for a minimum of 3.5 months. Normally taken during the winter term of the second year. Technical report required. Restricted to students admitted to the Co-operative Education Program in Physics. Prerequisite: PHYS_V 200.This course is not eligible for Credit/D/Fail grading.
PHYS_V 299,Co-operative Work Placement II,Approved and supervised technical work experience in an industrial research setting for a minimum of 3.5 months. Normally taken during the summer following the second year. Technical report required. Restricted to students admitted to the Co-operative Education Program in Physics. Prerequisite: PHYS_V 298.This course is not eligible for Credit/D/Fail grading.
PHYS_V 301,Electricity and Magnetism,"Maxwell's equations and their applications, electrical fields and potentials of static charge distributions, current, fields of moving charges, magnetic fields, electromagnetic induction. [3-0-1] Prerequisite: One of PHYS 102, PHYS 108, PHYS 118, PHYS 153, PHYS 158, SCIE 001 and one of MATH 217, MATH 227, MATH 317 and one of MATH 215, MATH 255."
PHYS_V 304,Introduction to Quantum Mechanics,"Principles and applications of quantum mechanics, wave mechanics, the Schroedinger equation, expectation values, Hermitian operators, commuting observables, one-dimensional systems, harmonic oscillators, angular momentum, three-dimensional systems. [3-0-0] Prerequisite: One of PHYS 200, PHYS 250. Corequisite: One of MATH 257, MATH 316, PHYS 312."
PHYS_V 305,Introduction to Biophysics,"Physical principles involved in biological systems at the microscopic and molecular scales. Diffusion, low Reynolds number dynamics, the physicist's view of biomolecular structure, models of molecular motors and membranes. [3-0-0] Prerequisite: One of PHYS 102, PHYS 108, PHYS 118, PHYS 153, PHYS 158, SCIE 001 and either (a) PHYS 203 or (b) one of ENPH 257, CHEM 201, CHEM 205 and one of MATH 302, MATH 318, STAT 241, STAT 251, STAT 302."
PHYS_V 306,Advanced Mechanics,"Variational calculus, Lagrangian dynamics, rigid body motion including free and forced precession, Hamiltonian mechanics, Poisson brackets, canonical coordinates, Hamilton-Jacobi theory, action angle variables. Introduction to dynamical chaos: determinism, Lyapunov exponents. [3-0-1] Prerequisite: One of PHYS 216, ENPH 270 and one of MATH 215, MATH 255, MATH 256, MATH 258."
PHYS_V 309,Electrical Laboratory,"Selected experiments in electromagnetism and electronics; computer data acquisition; advanced data analysis and simulation. [1-4-0] Prerequisite: One of PHYS 209, PHYS 229, ENPH 259."
PHYS_V 310,Machine Learning for Physics and Astronomy Data Analysis,"Fundamental principles and applications of data-centric research techniques in Physics and Astronomy. Topics include algorithms for data structuring, dimensionality reduction, linear regression and classification, artificial neural nets, convolutional neural nets, unsupervised learning. [1-4-0] Prerequisite: One of MATH 152, MATH 221, MATH 223 and one of MATH 200, MATH 217, MATH 226, MATH 253, MATH 254 and one of BIOL 300, STAT 200, STAT 203, STAT 241, STAT 251, MATH 318 and one of PHYS 210, CPSC 103, CPSC 110, APSC 160, EOSC 211 and one of PHYS 108, PHYS 118, PHYS 158, SCIE 001."
PHYS_V 312,Introduction to Mathematical Physics,"The application of ordinary and partial differential equations to physical problems; boundary and initial value problems associated with heat, wave and Laplace equations. Fourier analysis; expansions in Bessel and Legendre functions. Credit will be granted for only one of PHYS 312 and MATH 316. [3-0-0] Prerequisite: [MATH215]"
PHYS_V 314,Fluids,"Kinetic theory: Diffusion, viscosity and sound waves. Introduction to hydrodynamics: Laminar flow, capillary and gravity waves, convection and turbulence. Dimensional analysis. [3-0-0] Prerequisite: MATH 215. Corequisite: PHYS 203."
PHYS_V 315,Quantum Physics of Materials,"Crystal structure, elasticity and phonons, elementary electronic transport, defects, alloys, liquid crystals and polymers. [3-0-0] Prerequisite: One of PHYS 203, ENPH 257, CHEM 201, CHEM 205, CHEM 304 and one of PHYS 200, PHYS 250, CHEM 312. Corequisite: [MATH215]"
PHYS_V 318,Experimental Acoustics,"Experimental techniques of acoustics: data acquisition hardware and software, microphones, loudspeakers, noise, vibration and modal analysis. [2-3-0] Prerequisite: One of ENPH 259, PHYS 209, PHYS 229."
PHYS_V 319,Electronics Laboratory,"A project-oriented lab introducing the design and construction of microprocessor-controlled devices. [1-4-0] Prerequisite: One of PHYS 209, PHYS 219, ENPH 259."
PHYS_V 330,Modern Physics,"Quantum physics, nuclear energy and particle physics at a level suitable for third- and fourth-year Science students not proceeding to a physics degree. Not for credit towards a B.Sc. in Astronomy, Biophysics or Physics. [3-0-0] Prerequisite: Either (a) one of MATH 100, MATH 102, MATH 104, MATH 110, MATH 180, MATH 184 and one of PHYS 101, PHYS 106, PHYS 107, PHYS 117, PHYS 131, PHYS 153, PHYS 157; or (b) SCIE 001."
PHYS_V 333,Energy and Climate,"The fundamental physics behind global issues of energy use and climate change. [3-0-0] Prerequisite: Either (a) one of MATH 101, MATH 103, MATH 105, MATH 121 and one of PHYS 101, PHYS 102, PHYS 106, PHYS 107, PHYS 108, PHYS 117, PHYS 118, PHYS 131, PHYS 153, PHYS 157, PHYS 158; or (b) SCIE 001."
PHYS_V 340,Revolutions in Understanding the Universe,"Ancient Greek ideas of substance and forms and modern concepts of forces and fields. The twentieth-century quantum revolution. The modern universe, from quarks and atoms to the big bang. Quantum paradoxes. Not for credit in the faculties of Science and Applied Science. No mathematics beyond Grade 10 required. [3-0-0]"
PHYS_V 341,Physics of Music,"An introduction to the physical principles important to the production, transmission and perception of musical sounds. The treatment will be non-mathematical; with emphasis on demonstrations. Topics may include the description of sound waves, resonances, scales, physics of hearing, examination of specific musical instruments, etc. Not for credit in the Faculties of Science and Applied Science. [3-0-0]"
PHYS_V 343,Physical Science by Inquiry,"A guided sequence of hands-on science modules intended primarily for prospective elementary schoolteachers, to help them to work constructively in a science teaching role. Not for credit in the Faculties of Science and Applied Science. [0-6-0] Prerequisite: Secondary school algebra."
PHYS_V 348,Frontiers in Physics and Astronomy,Current research topics in physics and astronomy are investigated and explored. Technical communication and research skills are studied and developed via oral presentations and written scientific reports on these current research topics. [3-0-0] Prerequisite: Third-year standing in a physics honours program or fourth-year standing in a physics or astronomy major program.
PHYS_V 349,Directed Research Project in Physics,"A research project, undertaken under the direction of a faculty member, culminating in a written report. This course requires approval of the course instructor and program advisor in the Department of Physics and Astronomy. [1*-6-0]"
PHYS_V 350,Applications of Classical Mechanics,"Review of principles. Particle mechanics: Euler's equations, tops and gyroscopes, motion of the Earth, Lagrangian and Hamiltonian methods. Variational principles in optics and mechanics, Liouville's theorem and statistical mechanics. The relationship between classical and quantum mechanics. [3-0-0]"
PHYS_V 354,Electric and Magnetic Fields,"Applications of electricity and magnetism. Maxwell's equations. [3-0-1] Prerequisite: One of PHYS 102, PHYS 108, PHYS 153, SCIE 001 and one of MATH 215, MATH 255 and one of MATH 217, MATH 227, MATH 317."
PHYS_V 399,Co-operative Work Placement III,Approved and supervised technical work experience in an industrial research setting for a minimum of 3.5 months. Normally taken during the summer following the third year. Technical report required. Restricted to students admitted to the Co-operative Education Program in Physics. Prerequisite: PHYS_V 299.This course is not eligible for Credit/D/Fail grading.
PHYS_V 400,Introduction to Elementary Particles,"Standard model, classification of elementary particles and forces of nature, symmetries, conservation laws, quark model, quantum electrodynamics, quantum chromodynamics, and the theory of weak interactions. [3-0-0] Prerequisite: One of PHYS 304, PHYS 450."
PHYS_V 401,Electromagnetic Theory,"Applications of Maxwell's theory. Wave propagation in dielectrics, conductors and plasmas, wave guides, radiation, antennae, and special relativity. [3-0-0] Prerequisite: One of PHYS 301, PHYS 354."
PHYS_V 402,Applications of Quantum Mechanics,"Spin and angular momentum addition, perturbation methods, and applications in the fields of Atomic, Molecular, Nuclear, and Solid State Physics. [3-0-0] Prerequisite: One of PHYS 304, PHYS 450."
PHYS_V 403,Statistical Mechanics,"Principles and applications of statistical mechanics. Ideal gases, degenerate Fermi gases, Bose-Einstein condensation, black body radiation, fluctuations and phase transitions. [3-0-0] Prerequisite: One of PHYS 203, ENPH 257, PHYS 257, CHEM 201, CHEM 304 and one of PHYS 304, PHYS 450, CHEM 312. One of MATH 302, MATH 318, STAT 241, STAT 251, STAT 302 is recommended."
PHYS_V 404,Introduction to Medical Physics,"Radiotherapy, X-ray imaging, nuclear medicine, magnetic resonance imaging and biomedical optics. [3-0-0] Prerequisite: Third year standing in Science or Applied Science is required. MATH 200 (or MATH 217 or MATH 226) is recommended."
PHYS_V 405,Radiation Biophysics,"Physical and chemical interactions of ionizing radiations and their biological effects at the cellular, tissue and whole-animal levels. [3-0-0] Prerequisite: One of PHYS 102, PHYS 108, PHYS 118, PHYS 153, PHYS 158, SCIE 001. and third year standing in Science or Applied Science."
PHYS_V 407,Introduction to General Relativity,"Physical consequences of Einstein's equations, including the principle of equivalence, curved space-time, geodesics, the Schwarzschild solution, deflection of light, black holes, and gravitational radiation. [3-0-0] Prerequisite: One of MATH 217, MATH 227, MATH 317 and one of MATH 215, MATH 255. PHYS 301 and one of PHYS 206, PHYS 306 are recommended."
PHYS_V 408,Optics,"Principles and applications of optical physics. Interference, diffraction, coherence, polarization, Fresnel relations, optical coatings, waves in dielectric media, Gaussian beams, waveguides, optical cavities, lasers, fibre optics, and Fourier optics. [3-3-0] Prerequisite: One of PHYS 301, PHYS 354 and one of MATH 215, MATH 255."
PHYS_V 409,Experimental Physics,"A laboratory course with a wide choice of experiments for fourth year Honours and Major students. Topics include solid state, nuclear, classical, quantum, electromagnetic and low temperature physics. For six credits, two weekly laboratory periods and completion of a project in second term are required. [0-3-0] Prerequisite: One of PHYS_V 309, PHYS_V 319."
PHYS_V 410,Computational Physics,"Scientific programming applied to problems in physics. Fundamentals of numerical analysis for continuum problems. Solution of linear and non-linear algebraic systems, ordinary differential equations and stochastic problems. [3-0-1] Prerequisite: One of PHYS 312, MATH 257, MATH 316 and one of PHYS 210, EOSC 211, CPSC 110, CPSC 103, APSC 160."
PHYS_V 412,Quantum Physics,"Fundamentals of atomic, nuclear, particle, and condensed matter physics. [3-0-0] Prerequisite: MATH 215 and one of CHEM 312, PHYS 200."
PHYS_V 420,Physics Demonstrations,"The students will prepare, under the supervision of a faculty member, a demonstration or series of demonstrations intended to illustrate physical principles to diverse audiences. Intended for third- or fourth-year Physics Majors and Math/Science Education students."
PHYS_V 437,Physics of Biocellular Structure and Machinery,"Molecular structure and architecture of biological cells, interactions of molecules in aqueous solution and at interfaces, physical properties of polymers and surfactants, mechanisms of cell membranes and cytoplasmic structures, thermodynamics of molecular machines and mechanical enzymes. Credit can not be given for both PHYS_V 437 and 537. [3-0-0] Prerequisite: One of PHYS_V 313, PHYS_V 403, PHYS_V 455, CHEM_V 304."
PHYS_V 438,Zoological Physics,"Animal systems viewed from a physicist's perspective. Topics include sensory systems, energy budgets, locomotion, internal flows, physical advantages of grouping. [3-0-0] Prerequisite: One of PHYS 101, PHYS 106, PHYS 107, PHYS 117, PHYS 131, PHYS 157, SCIE 001. BIOL 325 is recommended. Equivalency: BIOL438"
PHYS_V 447,Advanced Topics in Physics,Directed studies available to students in Honours Physics with approval from the Head of the Department.
PHYS_V 449,Honours Thesis,"A research project, undertaken under the direction of a faculty member, culminating in a thesis. [1*-6-0]"
PHYS_V 450,Quantum Mechanics,"Postulates of quantum mechanics, expectation values, hermitian operators, commuting observables, applications to one-dimensional systems, harmonic oscillators, angular momentum, applications in three dimensions, hydrogen atom, time dependent perturbations. Credit will be granted for only one of PHYS 304, 450 or CHEM 312. [3-0-0] Prerequisite: One of PHYS 200, PHYS 250."
PHYS_V 454,Applied Electromagnetic Theory,"Wave propagation and related phenomena in dielectrics, conductors and plasmas. Wave guides, radiation, antennae, special relativity. [3-0-0] Prerequisite: One of PHYS_V 301, PHYS_V 354."
PHYS_V 455,Statistical Mechanics,"Introduction to quantum statistical mechanics and its application to systems of varying complexity from the simple ideal gas to the degenerate gas. Quantum fluids, phase transitions and simulation methods will also be introduced. Credit will be granted for only one of PHYS 403 or PHYS 455. [3-0-0] Prerequisite: One of PHYS 257, PHYS 203, PHYS 313 and one of PHYS 304, PHYS 450."
PHYS_V 458,Applied Optics,"Basic applications of lasers, geometrical optics, fibre optics, diffraction, and Fourier optics. [3-3-0] Prerequisite: All of PHYS_V 250, PHYS_V 354."
PHYS_V 473,Applied Nuclear Physics,"Radioactive decay and radiations, nuclear properties, interactions of neutrons, physical principles of power reactors, nuclear fusion, radiation monitoring, and safety. [3-0-1*] Prerequisite: One of PHYS 304, PHYS 450."
PHYS_V 474,Applied Solid State Physics,"Symmetry of crystal structures, reciprocal lattice, band theory, conduction in metals and semiconductors, phonons and superconductivity. [3-0-0] Prerequisite: One of PHYS_V 450, PHYS_V 304."
PHYS_V 490,Student Directed Seminar,"Self-directed, collaborative studies, in a group-learning environment, initiated and coordinated by senior undergraduate students with the supervision of a faculty advisor. Course structure, enrolment, and delivery methods will comply with the Handbook for Student Directed Seminars. Cannot be used as a specialization requirement in any PHYS and/or ASTR specialization. [3-0-0].This course is not eligible for Credit/D/Fail grading."
PHYS_V 498,Co-operative Work Placement IV,Approved and supervised technical work experience in an industrial research setting for a minimum of 3.5 months. Normally taken during the fall term of the fourth year. Technical report required. Restricted to students admitted to the Co-operative Education Program in Physics. Prerequisite: PHYS_V 399.This course is not eligible for Credit/D/Fail grading.
PHYS_V 499,Co-operative Work Placement V,Approved and supervised technical work experience in an industrial research setting for a minimum of 3.5 months. Normally taken during the summer following the fourth year. Technical report required. Restricted to students admitted to the Co-operative Education Program in Physics. Prerequisite: PHYS_V 498.This course is not eligible for Credit/D/Fail grading.
PHYS_V 500,Quantum Mechanics I,"Non-relativistic quantum mechanics with applications to atomic, nuclear and particle physics. Perturbation theory, multielectron atoms, molecular structure, WKB, scattering theory. Recommended pre-requisite: PHYS_V 402.This course is not eligible for Credit/D/Fail grading."
PHYS_V 501,Quantum Mechanics II,"Time-dependent perturbation theory, density matrix formalism, NMR, emission and absorption of radiation. Elementary field theory techniques for many body systems. Quasiparticles, phonons, magnons, holes. Relativistic Klein-Gordon and Dirac equations.This course is not eligible for Credit/D/Fail grading."
PHYS_V 502,Condensed Matter Physics I,"One-electron theory of solids, energy bands, lattice vibration, transport theory. Prerequisite: A background in undergraduate solid state physics such as covered in PHYS_V 474 is highly recommended.This course is not eligible for Credit/D/Fail grading."
PHYS_V 503,Condensed Matter Physics II,"Interacting electrons, electron-phonon interaction, Hubbard model, magnetism, superconductivity, use of Green functions. Prerequisite: PHYS_V 502. Corequisite: PHYS_V 500.This course is not eligible for Credit/D/Fail grading."
PHYS_V 504,Special Relativity and Classical Electromagnetism,"Boundary-value problems, Green's functions and multipole expansions, magnetostatics, Faraday's law of induction, retarded potentials, Poynting's theorem and conservation laws, gauge invariance. Propagation of electromagnetic waves. Presentation of radiation from moving charges, classical electron theory. Prerequisite: A background in electricity and magnetism such as covered PHYS_V 401 is highly recommended.This course is not eligible for Credit/D/Fail grading."
PHYS_V 505,Nuclear Physics,"Nucleons and their structure, hadrons and isospin, two-nucleon systems and interactions, bulk properties of nuclei and models, nuclear excitations and radioactivity, strong and electromagnetic decay, symmetries and weak interaction, reactions, nuclear astrophysics.This course is not eligible for Credit/D/Fail grading."
PHYS_V 506,Elementary Particle Physics,This course is not eligible for Credit/D/Fail grading.
PHYS_V 508,Quantum Field Theory II,Prerequisite: PHYS_V 526.This course is not eligible for Credit/D/Fail grading.
PHYS_V 509,Theory of Measurements,"Estimation of parameters from experimental measurements; maximum likelihood; least squares; tests of significance (chi square, etc). Noise properties of common devices. Extracting signals from noise; signal averaging; auto and cross-correlation, etc.This course is not eligible for Credit/D/Fail grading."
PHYS_V 513,Topics in Advanced Spectroscopy,This course is not eligible for Credit/D/Fail grading.
PHYS_V 515,Modern Biophysics,Fundamental concepts and advanced applications as used in current biophysics research. [3-0-0]This course is not eligible for Credit/D/Fail grading.
PHYS_V 516,Statistical Mechanics,"Mean field theory, Landau theory of phase transitions, critical phenomena, renormalization theory. Monte Carlo method, linear response theory, fluctuations.This course is not eligible for Credit/D/Fail grading."
PHYS_V 518,Superconductivity,"Conventional theories: BCS and Landau-Ginsburg, Josephson effect. New theories of high TC superconductivity.This course is not eligible for Credit/D/Fail grading."
PHYS_V 520,Teaching Techniques in Physics and Astronomy,"Foundations of physics and astronomy education research, lesson plans, development of grading, effective questioning, effective presentations, methods in peer evaluation, and peer teaching. [1-0-0].This course is not eligible for Credit/D/Fail grading."
PHYS_V 521,Group Theory Methods in Quantum Mechanics,"Selected topics from atomic, molecular, solid state, nuclear and elementary particle physics treated by group theory methods. Prerequisite: PHYS_V 500.This course is not eligible for Credit/D/Fail grading."
PHYS_V 523,Quantum Electronics and Nonlinear Optics,Macroscopic and microscopic treatments of linear and non-linear response to electromagnetic fields.This course is not eligible for Credit/D/Fail grading.
PHYS_V 525,Advanced Condensed Matter Physics,"Current issues in condensed matter theory. Prerequisite: All of PHYS_V 500, PHYS_V 503.This course is not eligible for Credit/D/Fail grading."
PHYS_V 526,Quantum Field Theory I,This course is not eligible for Credit/D/Fail grading.
PHYS_V 527,Topics in Nuclear Physics,"Selected topics from current nuclear theory. Prerequisite: All of PHYS_V 501, PHYS_V 505.This course is not eligible for Credit/D/Fail grading."
PHYS_V 528,Elementary Particle Physics,Prerequisite: PHYS_V 505. Corequisite: PHYS_V 508.This course is not eligible for Credit/D/Fail grading.
PHYS_V 529,Topics in Quantum Theory,This course is not eligible for Credit/D/Fail grading.
PHYS_V 530,Topics in General Relativity Theory,Prerequisite: PHYS_V 504.This course is not eligible for Credit/D/Fail grading.
PHYS_V 531,Particle Detection Techniques,This course is not eligible for Credit/D/Fail grading.
PHYS_V 533,Laser Physics,Classical and semi-classical treatment of interaction of EM-radiation with atomic systems; semi-classical laser theory; Gaussian beams and optical resonators; specific laser types and systems; femtosecond lasers and amplifiers; Raman lasers; lasing with inversion; topics of current research interest.This course is not eligible for Credit/D/Fail grading.
PHYS_V 534,Radiotherapy Physics I,Principles of dosimetry of ionizing radiation with emphasis on applications to radiotherapy and radiobiology.This course is not eligible for Credit/D/Fail grading.
PHYS_V 535,Radiotherapy Physics II,"A continuation of PHYS_V 534, including an extension of the topics discussed in that course.This course is not eligible for Credit/D/Fail grading."
PHYS_V 536,Advanced Radiation Biophysics,Credit will be granted for only one of PHYS_V 536 or PHYS_V 405.This course is not eligible for Credit/D/Fail grading.
PHYS_V 539,Radiation Dosimetry,This course is not eligible for Credit/D/Fail grading.
PHYS_V 540,Radiological Imaging,This course is not eligible for Credit/D/Fail grading.
PHYS_V 541,Nuclear Medicine,This course is not eligible for Credit/D/Fail grading.
PHYS_V 542,Nuclear Magnetic Resonance Imaging,This course is not eligible for Credit/D/Fail grading.
PHYS_V 543,Biomedical Optics,This course is not eligible for Credit/D/Fail grading.
PHYS_V 545,Anatomy and Physiology for Medical Physicists,Restricted to graduate students in the M.Sc. (Medical Physics) Specialization.This course is not eligible for Credit/D/Fail grading.
PHYS_V 546,Clinical Experience in Medical Physics,"Clinical treatment planning techniques, quality assurance of treatment equipment and clinical decision making for radiation therapy. Quality assurance and decision making for medical imaging. Pass/fail.This course is not eligible for Credit/D/Fail grading."
PHYS_V 549,Master's Thesis,This course is not eligible for Credit/D/Fail grading.
PHYS_V 555,Directed Studies in Physics,"With approval of the department head, advanced studies under the direction of a staff member may be arranged in special cases. Grade type may vary by section. Some sections may be Pass/Fail.This course is not eligible for Credit/D/Fail grading."
PHYS_V 560,Physics and Engineering of Particle Accelerators,"Injectors, radio frequency acceleration, superconducting acceleration elements, beam dynamics, and applications of electron accelerators.This course is not eligible for Credit/D/Fail grading."
PHYS_V 565,Applications of Radioisotopes in Science and in Medicine,"Use of radioisotopes in nuclear medicine, materials science, environmental science, and nuclear physics in combination with the associated production, processing, and detection technologies.This course is not eligible for Credit/D/Fail grading."
PHYS_V 571,Physical Cosmology,Credit will be granted for only one of ASTR_V 403 or PHYS_V 571. [3-0].This course is not eligible for Credit/D/Fail grading.
PHYS_V 572,Experimental Methods in Quantum Materials,This course is not eligible for Credit/D/Fail grading.
PHYS_V 573,Modelling and Simulation of Quantum Materials,Prerequisite: A background in undergraduate solid state physics such as covered in PHYS_V 474 is highly recommended.This course is not eligible for Credit/D/Fail grading.
PHYS_V 599,M.A.Sc. Thesis,This course is not eligible for Credit/D/Fail grading.
PHYS_V 649,Doctoral Dissertation,This course is not eligible for Credit/D/Fail grading.
RES_V 500,Resource and Environmental Workshop,"Faculty and students from different disciplines act as an interdisciplinary team studying specific resource problems with ecological, economic, demographic and social dimensions. Techniques and methods are emphasized to show their value in integrating knowledge, defining policy and facilitating communication. Several sections with different emphasis offered each year. Prerequisite: Permission of the instructor is required.This course is not eligible for Credit/D/Fail grading."
RES_V 501,Development of Environmental Thought,History and philosophy of Western environmental thought; changes in concepts of human nature and external nature over time; critiques of modern industrial society.This course is not eligible for Credit/D/Fail grading.
RES_V 502,Master's Seminar on Resources and Environment,Environment and resource management goals and issues.This course is not eligible for Credit/D/Fail grading.
RES_V 504,Survey Design in Interdisciplinary Environmental Social Science,"Survey design focusing on stated and revealed environmental preferences, choices, behaviour and values.This course is not eligible for Credit/D/Fail grading."
RES_V 505,Qualitative Methods in Interdisciplinary Contexts,"Research design, data quality, analysis, representation, ethics review, structured and unstructured interviews, field observations, survey design.This course is not eligible for Credit/D/Fail grading."
RES_V 506,Human Dimensions of Conservation,History of wilderness and protected areas; ecological dynamics underpinning biodiversity; evaluating the success of protected areas and ecological dynamics.This course is not eligible for Credit/D/Fail grading.
RES_V 507,Human Technological Systems,"Critical analysis of harms and benefits, and anticipation of global technological innovations, as they interact with social behaviour.This course is not eligible for Credit/D/Fail grading."
RES_V 508,Ecosystem Services,"Fostering sustainable management of ecosystem-based activities, for the competing and complementary ends of sustaining and enhancing human well-being and protecting biodiversity.This course is not eligible for Credit/D/Fail grading."
RES_V 509,Advanced Conservation Science,Equivalency: ZOOL_V 509.This course is not eligible for Credit/D/Fail grading.
RES_V 510,Social Ecological Systems,"Dynamics of environmental issues across temporal and spatial scales using disciplinary and interdisciplinary approaches to integrating sociological, cultural, and ecological perspectives.This course is not eligible for Credit/D/Fail grading."
RES_V 520,"Climate Change: Science, Technology and Sustainable Development",Interdisciplinary science of climate change and its impacts; options for mitigation and adaptation.This course is not eligible for Credit/D/Fail grading.
RES_V 530,"Knowledge, Policy and Values in Risk and Resource Management","The course focuses on the role of values, science and validity of alternate knowledge systems. Included in the dialogue are the democratization of science, uncertainty, adaptive scientific practices and the values that govern management programs.This course is not eligible for Credit/D/Fail grading."
RES_V 542,Integrated Assessment,"Basic skills for quantitative analysis including probability, validity of quantitative statements and experimental design to test hypothesis validity.This course is not eligible for Credit/D/Fail grading."
RES_V 550,Environmental Policy Analysis,Determination of risks and values in environmental policy decisions. Equivalency: PLAN_V 599.This course is not eligible for Credit/D/Fail grading.
RES_V 599,Master's Thesis,This course is not eligible for Credit/D/Fail grading.
RES_V 602,Doctoral Seminar on Resources and Environment,Environment and resource management goals and issues.This course is not eligible for Credit/D/Fail grading.
RES_V 699,Doctoral Dissertation,This course is not eligible for Credit/D/Fail grading.
SCIE_V 001,Science One,"An innovative first-year multi-disciplinary course incorporating biology, chemistry, mathematics, and physics with a strong focus on the connections between these traditional disciplines. Students with credit for SCIE_V 001 will be deemed to have satisfied all BIOL_V 112, BIOL_V 121, BIOL_V 180, CHEM_V 121, CHEM_V 123, MATH_V 100, MATH_V 101, PHYS_V 117, PHYS_V 118, PHYS_V 119, and PHYS_V 129 requirements. See the Science One website (www.scienceone.ubc.ca) for further information and the application process for admission to SCIE_V 001. [12-6-4;12-6-4] Prerequisite: All of: CALC 12, ENGL 12, and Pre-calculus 12; two of: CHEM 12, PHYS 12, High School Biology (either BIOL 11 or BIOL 12).This course is not eligible for Credit/D/Fail grading."
SCIE_V 010,Science One A,"Block registration marker for the biology, chemistry, mathematics and physics components of the Science One program. Restricted to students in the Science One program. [12-6-4] Prerequisite: Either (a) BIOL 11 or (b) BIOL 12; and all of CHEM 12, CALC 12, PHYS 12, ENGL 12. and Principles of Mathematics 12 or Pre-calculus 12."
SCIE_V 100,First-Year Focus Seminar,Seminar for First-Year Focus option focused on discipline-specific learning strategies for academic success and community and scholarly engagement. This course is restricted to first-year students in the First-Year Focus option. Pass/Fail. [1*-0-1*].This course is not eligible for Credit/D/Fail grading.
SCIE_V 104,Pre-Calculus Mathematics,"Algebra, functions and graphing, expone ntial and logarithmic functions, trigonometry. Restricted to students enrolled in the Indigenous STEM Bridging Pathway. [3-0-1]This course is not eligible for Credit/D/Fail grading."
SCIE_V 113,First-Year Seminar in Science,"Small-group experience where students study science in society, scientific process, and how to communicate scientific concepts. Enrolment limited to students in the B.Sc. program in Science. [3-0-0].This course is not eligible for Credit/D/Fail grading."
SCIE_V 300,Communicating Science,"Effective communication and presentation skills in science. [1-0-3] Corequisite: One of BIOL_V 300, STAT_V 200, STAT_V 241 and 3rd or 4th year standing in Combined Major in Science."
SCIE_V 320,Socio-Ecological Systems Research,"Research design and methods for socio-ecological systems research. Students work directly with faculty mentors to conduct research on contemporary topics such as climate resilience, food security, and environmental sustainability. [1.5-0-1] Prerequisite: Third-year standing and instructor's permission"
SCIE_V 400,Discipline-based Education Research Methodology,"Overview of methodological approaches to education research in disciplines having natural, physical, and life-science foundations. Prerequisite: Third-year standing and permission of the instructor. Equivalency: SCIE500"
SCIE_V 420,Sustainability for Community and the World,"Explores systems thinking in the context of sustainability and also re-examines the familiar three pillar model of sustainability - society, ecology, and economics - highlighting its uses and limitations. [3-0-0] Prerequisite: One of ASIC 200, ASIC 220, APBI 260, APBI 265, ARCL 309, BIOL 230, CHEM 301, CHEM 302, CHEM 341, CIVL 200, CONS 330, ECON 210, ENDS 221, ENVR 200, ENVR 300, EOSC 270, EOSC 340, EOSC 345, FRST 100, GEOG 211, GEOG 310, HIST 106, ISCI 360, ISCI 361, LAW 386, LFS 250, PHYS 333, POLI 351, PSYC 321, PSYC 421, SCIE 120, SCIE 320. Fourth-year standing or permission of the instructor."
SCIE_V 466,New Venture Design,"Teams comprising students in SCIE_V 466 and COMM_V 466 create a business plan and a prototype or scientific solution of a novel product, process, or process component. [3-0-0; 3-0-0]This course is not eligible for Credit/D/Fail grading."
SCIE_V 500,Discipline-based Education Research Methodology,"Overview of methodological approaches to education research in disciplines having natural, physical, and life-science foundations. Equivalency: SCIE_V 400This course is not eligible for Credit/D/Fail grading."
SCIE_V 596,Co-operative Work Placement I,Restricted to students admitted to the Master of Science Co-operative Education Option or Doctor of Philosophy Co-operative Education Option. Pass/Fail.This course is not eligible for Credit/D/Fail grading.
SCIE_V 597,Co-operative Work Placement II,Restricted to students admitted to the Master of Science Co-operative Education Option or Doctor of Philosophy Co-operative Education Option. Pass/Fail. Prerequisite: SCIE_V 596.This course is not eligible for Credit/D/Fail grading.
SCIE_V 598,Co-operative Work Placement III,Restricted to students admitted to the Master of Science Co-operative Education Option or Doctor of Philosophy Co-operative Education Option. Pass/Fail. Prerequisite: SCIE_V 597.This course is not eligible for Credit/D/Fail grading.
SCIE_V 599,Co-operative Work Placement IV,Restricted to students admitted to the Master of Science Co-operative Education Option or Doctor of Philosophy Co-operative Education Option. Pass/Fail. Prerequisite: SCIE_V 598.This course is not eligible for Credit/D/Fail grading.
STAT_V 200,Elementary Statistics for Applications,"Classical, nonparametric, and robust inferences about means, variances, and analysis of variance, using computers. Emphasis on problem formulation, assumptions, and interpretation. See the Faculty of Science Credit Exclusion Lists:https://vancouver.calendar.ubc.ca/faculties-colleges-and-schools/facult…[3-1-0] Prerequisite: One of any course on the MATH_V 100 credit exclusion list [https://vancouver.calendar.ubc.ca/faculties-colleges-and-schools/facult…], MATH_V 190, SCIE_V 001, MATH_O 100."
STAT_V 201,Statistical Inference for Data Science,"Classical and simulation-based techniques for estimation and hypothesis testing, including inference for means and proportions. Emphasis on case studies and real data sets, as well as reproducible and transparent workflows when writing computer scripts for analysis and reports. [3-0-1] Prerequisite: DSCI 100."
STAT_V 203,Statistical Methods,"Organizing, displaying and summarizing data. Inference estimation and testing for elementary probability models. Not for credit towards a B.Sc. (Consult the Credit Exclusion list within the Faculty of Science section in the Calendar.) [3-1-0] Prerequisite: MATH 11. Or Pre-calculus 11."
STAT_V 251,Introductory Probability and Statistics,"Probability, discrete and continuous random variables, joint probability distributions, estimation, hypothesis testing, regression, analysis of variance. (Consult the Credit Exclusion list within the Faculty of Science section of the Calendar). [3-1-0] Prerequisite: One of APSC_V 173, MATH_V 101, MATH_V 103, MATH_V 105, MATH_V 121, SCIE_V 001, MATH_O 101, MATH_O 103."
STAT_V 300,Intermediate Statistics for Applications,"Further topics in statistical inference, including parametric and non-parametric methods, goodness-of-fit methods, analysis of variance and covariance, regression analysis, categorical data analysis, experimental designs, time series, model fitting, and statistical computing. [3-1-0] Prerequisite: One of STAT_V 200, STAT_V 203, STAT_V 241, STAT_V 251, BIOL_V 300, BUSI_V 291, COMM_V 191, COMM_V 291, ECON_V 325, ECON_V 327, FRST_V 231, KIN_V 206, LFS_V 252, POLI_V 380, PSYC_V 218, PSYC_V 278, HES_O 340, POLI_O 400, STAT_O 121, STAT_O 121, STAT_O 205, STAT_O 230. Equivalency: COMM_V 411."
STAT_V 301,Statistical Modelling for Data Science,"Data analysis using statistical models and algorithms (e.g., linear and logistic regression, peeking, bandit, and variable selection algorithms) in case studies from different disciplines. Generative versus out-of-sample predictive models. Reproducible and transparent workflows for computer scripts and reports. [3-0-1] Prerequisite: STAT_V 201 and one of MATH_V 100, MATH_V 102, MATH_V 104, MATH_V 110, MATH_V 120, MATH_V 180, MATH_V 184, SCIE_V 001, MATH_O 100."
STAT_V 302,Introduction to Probability,"Basic notions of probability, random variables, expectation and conditional expectation, limit theorems. (Consult the Credit Exclusion list within the Faculty of Science section in the Calendar.) [3-0-0] Prerequisite: One of MATH_V 200, MATH_V 226, MATH_V 217, MATH_V 253, MATH_V 254, MATH_O 200. Equivalency: MATH_V 302."
STAT_V 303,Introduction to Probabilistic Modelling and Simulation,"Core concepts in probability taught through probabilistic generative modelling, simulation of random variables, basic Monte Carlo, common probability distributions and models, basic probabilistic model design and inference. [3-0-0] Prerequisites: All of (a) one of MATH_V 101, MATH_V 103, MATH_V 105, MATH_V 121, SCIE_V 001, (b) one of CPSC_V 103, CPSC_V 110, and (c) one of DSCI_V 100, ECON_V 325, STAT_V 200, STAT_V 251."
STAT_V 305,Introduction to Statistical Inference,"Review of probability theory. Sampling distribution theory, large sample theory and methods of estimation and hypothesis testing, including maximum likelihood estimation, likelihood ratio testing and confidence interval construction. [3-0-1] Prerequisite: Either (a) one of STAT_V 200, STAT_V 203, BIOL_V 300, STAT_V 251, COMM_V 291, ECON_V 325, FRST_V 231, PSYC_V 218, PSYC_V 366, PSYO_O 271, STAT_O 121, STAT_O 124, STAT_O 205, STAT_O 230 and one of MATH_V 302, STAT_V 302, STAT_O 203; or (b) DSCI_V 200 and STAT_V 201 and one of MATH_V 302, STAT_V 302, STAT_O 203; or (c) a score of 65% or higher in one of MATH_V 302, STAT_V 302, STAT_O 203. The Department recommends that students meet the prerequisite through option (a) or (b)."
STAT_V 306,Finding Relationships in Data,"Modelling a response (output) variable as a function of several explanatory (input) variables: multiple regression for a continuous response, logistic regression for a binary response, and log-linear models for count data. Finding low-dimensional structure: principal components analysis. Cluster analysis. (Consult the Credit Exclusion List within the Faculty of Science section in the Calendar). [3-0-1] Prerequisite: One of MATH_V 152, MATH_V 221, MATH_V 223, MATH_O 222 and one of STAT_V 200, STAT_V 241, STAT_V 251, STAT_V 300, BIOL_V 300, BUSI_V 291, COMM_V 191, COMM_V 291, ECON_V 325, ECON_V 327, FRST_V 231, PSYC_V 218, PSYC_V 278, PSYO_O 271, STAT_O 124, STAT_O 205, STAT_O 230 and one of MATH_V 302, STAT_V 302, STAT_O 203."
STAT_V 321,Stochastic Signals and Systems,"Stochastic behaviour of signals and systems (e.g., communication systems); discrete and continuous probability; random processes; modelling and identification of linear time-invariant systems; binary hypothesis testing and decision making. [3-0-2] Prerequisite: One of ELEC 221, STAT 305. STAT 305 may be taken concurrently, with registration assistance from the Student Programs Coordinator in the Department of Statistics. Equivalency: ELEC321"
STAT_V 335,Statistics in Quality Assurance,"Philosophy of quality improvement and total quality control. Definitions of quality. Deming's principles, Ishikawa's tools, control charts, acceptance sampling, continuous improvement, quality design. Credit cannot be obtained for both STAT 335 and WOOD 335. [3-0-1] Prerequisite: One of STAT 200, STAT 241, STAT 251, BIOL 300."
STAT_V 344,Sample Surveys,"Planning and practice of sample surveys. Random sampling, bias and variance, unequal probability sampling, systematic, multistage and stratified sampling, ratio and regression estimators, post-stratification, establishing a frame, pretesting, pilot studies, nonresponse and additional topics. [3-0-1] Prerequisite: One of STAT 200, STAT 241, STAT 251, BIOL 300, COMM 291, ECON 325, ECON 327, FRST 231, PSYC 218, PSYC 278, PSYC 366. Corequisite: One of MATH 302, STAT 302."
STAT_V 398,Co-operative Work Placement I,Work experience in an industrial research setting. Normally taken during Winter Session of third year. Restricted to students admitted to the Co-operative Education Program in Statistics. Prerequisite: Registration in Statistics Honours or Major Program.This course is not eligible for Credit/D/Fail grading.
STAT_V 399,Co-operative Work Placement II,Work experience in an industrial research setting. Normally taken during Summer Session following third year. Restricted to students admitted to the Co-operative Education Program in Statistics. Prerequisite: STAT_V 398.This course is not eligible for Credit/D/Fail grading.
STAT_V 404,Design and Analysis of Experiments,"Theory and application of analysis of variance for standard experimental designs, including blocked, nested, factorial and split plot designs. Fixed and random effects, multiple comparisons, analysis of covariance. (Consult the Credit Exclusion list within the Faculty of Science section in the Calendar.) [3-0-1] Prerequisite: STAT_V 305, one of MATH_V 152, MATH_V 221, or MATH_V 223. Corequisite: ECON_V 326 or STAT_V 306."
STAT_V 405,Bayesian Statistics,"Bayesian approaches to statistical inference: probabilistic modelling, Bayesian inference workflows, approximation of posterior distributions supported by modelling languages, analysis of Bayesian procedures and posterior approximation methods. [3-0-1] Prerequisites: One of MATH_V 302, STAT_V 302, or MATH_V 418, and either STAT_V 305 or STAT_V 460."
STAT_V 406,Methods for Statistical Learning,"Flexible, data-adaptive methods for regression and classification models; regression smoothers; penalty methods; assessing accuracy of prediction; model selection; robustness; classification and regression trees; nearest-neighbour methods; neural networks; model averaging and ensembles; computational time and visualization for large data sets. [3-0-1] Prerequisite: a) One of STAT_V 306, CPSC_V 340, or b) STAT_V 301 and one of MATH_V 152, MATH_V 221, MATH_V 223 and one of MATH_V 302, STAT_V 302."
STAT_V 416,Advanced Linear Modelling,"Advanced topics in linear modelling, including weighted least squares, model selection, robust methods, splines, Bayesian methods, mixed effects models, and generalized linear models. [3-0-1] Prerequisites: Both STAT_V 305 and STAT_V 306."
STAT_V 443,Time Series and Forecasting,"Trend and seasonality, autocorrelation, stationarity, stochastic models, exponential smoothing, Holt-Winters methods, Box-Jenkins approach, frequency domain analysis. [3-0-1] Prerequisite: Both (a) one of MATH_V 302, MATH_V 318, STAT_V 302 and (b) one of ECON_V 326, ECON_V 328, STAT_V 300, STAT_V 301, STAT_V 306. Corequisite: STAT_V 305."
STAT_V 445,Introduction to Exploratory Data Analysis,"Methods for exploring and presenting the structure of data: one group of numbers, several groups, bivariate data, time series data and two-way tables. Data displays, outlier identification, transformations, resistant regression, several types of data smoothing, comparisons with standard statistical methods. [3-0-1] Prerequisite: [STAT306]"
STAT_V 447,Special Topics in Statistics,Students should consult the Statistics Department for the particular topics offered in a given year. Prerequisite: STAT_V 305.
STAT_V 449,Statistics Honours Project,"A research project, undertaken under the supervision of a faculty member, resulting in a written report. Prerequisite: Open to students enrolled in a Statistics Honours specialization and at class standing 4. Permission of the Undergraduate Advisor and supervising faculty member is required."
STAT_V 450,Case Studies in Statistics,"Readings and projects in areas of current statistical application including environmental science, industrial statistics, official statistics, actuarial statistics, and medical statistics. [3-0-1] Prerequisite: [STAT306]"
STAT_V 460,Statistical Inference I,"Statistical models and their properties, estimation methods, properties of point and interval estimation, likelihood, Bayesian inference. Intended for Honours students. [3-0-0] Prerequisite: All of MATH 320, STAT 305 and one of MATH 152, MATH 221, MATH 223."
STAT_V 461,Statistical Inference II,"Hypothesis testing and model selection in modern statistics, confidence regions, multiple testing, model comparison criteria. Intended for Honours students. [3-0-0] Prerequisite: [STAT460]"
STAT_V 498,Co-operative Work Placement III,Work experience in an industrial research setting. Normally taken during Summer Session following fourth year. Restricted to students admitted to the Co-operative Education Program in Statistics.This course is not eligible for Credit/D/Fail grading.
STAT_V 499,Co-operative Work Placement IV,Work experience in an industrial research setting. Normally taken during Term 1 of Winter Session of fifth year. Restricted to students admitted to the Co-operative Education Program in Statistics.This course is not eligible for Credit/D/Fail grading.
STAT_V 518,Theoretical Statistics,This course is not eligible for Credit/D/Fail grading.
STAT_V 520,Topics in Bayesian Analysis and Decision Theory,This course is not eligible for Credit/D/Fail grading.
STAT_V 521,Topics in Multivariate Analysis,This course is not eligible for Credit/D/Fail grading.
STAT_V 522,Topics in Asymptotic Theory and Statistical Inference,This course is not eligible for Credit/D/Fail grading.
STAT_V 526,Topics in Smoothing Methods,This course is not eligible for Credit/D/Fail grading.
STAT_V 527,Topics in Biostatistics,This course is not eligible for Credit/D/Fail grading.
STAT_V 530,Bayesian Inference and Decision,This course is not eligible for Credit/D/Fail grading.
STAT_V 533,Survival Analysis,This course is not eligible for Credit/D/Fail grading.
STAT_V 535,Statistical Computing,This course is not eligible for Credit/D/Fail grading.
STAT_V 536,Statistical Theory for the Design and Analysis of Clinical Studies,This course is not eligible for Credit/D/Fail grading.
STAT_V 538,Generalized Linear Models,This course is not eligible for Credit/D/Fail grading.
STAT_V 540,Statistical Methods for High Dimensional Biology,"Equivalency: BIOF_V 540, GSAT_V 540.This course is not eligible for Credit/D/Fail grading."
STAT_V 541,Applied Multivariate Analysis,This course is not eligible for Credit/D/Fail grading.
STAT_V 543,Time Series Analysis,This course is not eligible for Credit/D/Fail grading.
STAT_V 545,Exploratory Data Analysis,This course is not eligible for Credit/D/Fail grading.
STAT_V 547,Topics in Statistics,Students should consult the Statistics Department for the particular advanced topics offered in a given year.This course is not eligible for Credit/D/Fail grading.
STAT_V 548,Directed Studies in Statistics,This course is not eligible for Credit/D/Fail grading.
STAT_V 549,Thesis for Master's Degree,This course is not eligible for Credit/D/Fail grading.
STAT_V 550,Techniques of Statistical Consulting,This course is not eligible for Credit/D/Fail grading.
STAT_V 551,Statistical Consulting Practicum,This course is not eligible for Credit/D/Fail grading.
STAT_V 560,Statistical Theory I,Credit will not be given for both STAT_V 460 and STAT_V 560. [3-0-0].This course is not eligible for Credit/D/Fail grading.
STAT_V 561,Statistical Theory II,This course is not eligible for Credit/D/Fail grading.
STAT_V 589,M.Sc. Project,This course is not eligible for Credit/D/Fail grading.
STAT_V 598,Co-operative Work Placement I,Restricted to students admitted to the Co-operative M.Sc. Education Program in Statistics.This course is not eligible for Credit/D/Fail grading.
STAT_V 599,Co-operative Work Placement II,Restricted to students admitted to the Co-operative M.Sc. Education Program in Statistics. Prerequisite: STAT_V 598.This course is not eligible for Credit/D/Fail grading.
STAT_V 649,Doctoral Dissertation,This course is not eligible for Credit/D/Fail grading.
ZOOL_V 500,Directed Studies in Zoology,This course is not eligible for Credit/D/Fail grading.
ZOOL_V 502,Ecology Seminar,This course is not eligible for Credit/D/Fail grading.
ZOOL_V 503,Comparative Animal Physiology Seminar,This course is not eligible for Credit/D/Fail grading.
ZOOL_V 509,Advanced Conservation Science,Equivalency: RES_V 509.This course is not eligible for Credit/D/Fail grading.
ZOOL_V 521,Fisheries Biology and Management,This course is not eligible for Credit/D/Fail grading.
ZOOL_V 522,Limnology Seminar,Offered in alternate years. Prerequisite: ZOOL_V 502.This course is not eligible for Credit/D/Fail grading.
ZOOL_V 524,Topics in Conservation Genetics,Equivalency: CONS_V 501.This course is not eligible for Credit/D/Fail grading.
ZOOL_V 527,Theoretical Population Dynamics,Corequisite: ZOOL_V 502.This course is not eligible for Credit/D/Fail grading.
ZOOL_V 549,M.Sc. Thesis,This course is not eligible for Credit/D/Fail grading.
ZOOL_V 553,Workshop in Comparative and Environmental Physiology,This course is not eligible for Credit/D/Fail grading.
ZOOL_V 554,Topics in Comparative and Environmental Physiology,This course is not eligible for Credit/D/Fail grading.
ZOOL_V 649,Doctoral Dissertation,This course is not eligible for Credit/D/Fail grading.
